红花郎10年价格,85
上海白酒品牌,0
路易十三价格,167
茅台干红葡萄酒价格,0
丰谷酒王,139
台湾金门高粱酒价格,143
金六福多少钱,0
香槟酒价格,17
国台酒价格,261
原浆酒怎么喝,0
路易世家白兰地,37
百加得冰锐价格,26
杜康是哪个朝代的人,562
习酒1988,234
白马牌红酒价格,0
茅台酒原料,9
玛歌庄园,0
轩尼诗李察,242
白酒为什么会有香味,0
结婚用酒,131
比较好喝的地方白酒,0
长城干红葡萄酒解百纳,0
43度飞天茅台价格,111
法国卡斯特红酒价格,161
法国拉菲红酒价格表,141
十五年茅台酒价格,112
扳倒井酒价格,35
稻花香酒价格表,420
嘉宾郎酒价格,26
15年茅台酒价格表,59
水井坊酒价格表,677
洋河蓝色经典天之蓝价格,55
泸州窖酒价格表,26
内参酒价格,79
内参酒,105
牛栏山30年,54
酒鬼酒价格,105
泸州老窖金奖特曲,85
卡斯特红酒价格,296
老茅台酒回收价格表,9
玛歌红亭,80
五粮液国宾酒,120
黑牌威士忌价格,163
茅台迎宾酒多少钱,83
五粮液酒王酒,87
江阴购酒网,9
茅台系列酒价格表,56
茅台仁酒,129
剑南春38度价格,45
买白酒到哪个网站,35
上海购酒网,82
金六福 价格,26
剑南春酒价格表,105
上海购酒网电子商务有限公司,69
购酒网,610
苏酒价格,9
法国拉菲红酒多少钱,26
星河湾老酱香,8
酒鬼酒内参,26
五粮液财源滚滚,26
42度古井贡酒价格表,0
拉菲庄园2010,0
泸州老窖系列酒价格,0
皇家路易xo价格,0
拉菲庄园2010价格,0
黄尾袋鼠价格,0
十字木桐,0
中国劲酒保健酒价格,0
购酒网官网,250
老白汾酒价格表,0
习水大曲52度价格,0
荣和烧坊价格,0
卡斯特葡萄酒价格,0
广西白酒品牌,0
如何代理白酒,0
五粮液39度价格,0
法国卡斯特干红价格,0
卡斯特兄弟红酒价格表,0
金六福白酒价格,0
马爹利xo干邑白兰地,79
法国卡斯特葡萄酒价格,0
购酒网官方旗舰店,82
茅台15年酒价格表,0
八十周年建军酒,0
洋河大曲蓝瓷价格,63
茅台成龙酒价格,0
水井坊酒价格,123
今世缘酒价格表,447
白云边15年价格,251
四特酒价格表,174
金六福酒价格表,508
红花郎酒价格,461
董酒价格表,110
泸州醇价格表,8
53度茅台迎宾酒价格,109
稻花香珍品一号价格,206
孔府家酒价格,26
蓝色经典天之蓝价格,54
茅台镇酒价格表,0
天之蓝多少钱一瓶,996
小糊涂仙酒价格,190
口子窖5年价格,213
15年茅台价格,106
法国拉菲红酒的价格,26
全兴大曲价格,8
女儿红价格,17
老茅台酒价格表,131
买酒购酒,45
珍品玉露,0
牛栏山二锅头图片,152
白酒网站,83
天之韵,18
浓香型白酒,290
枝江酒价格,36
洋河海之蓝价格,169
茅台迎宾酒价格,409
五粮尊,74
52度五粮液尊酒,0
我为祖国喝茅台,70
茅台王子酒多少钱,37
五粮液酒最新价格表,9
剑南春汉唐雄风,27
天之蓝52度多少钱一瓶,549
路易十三多少钱,82
今世缘酒价格,35
杜康经典双喜临门,0
剑南春52度价格,1010
茅台系列酒价格,27
购酒网酒类专卖店,35
五粮液酒价格查询,45
白酒网,154
红星珍品二锅头价格,44
43度茅台酒价格,79
网上购酒,66
贵州茅台京玉酒价格,27
稻花香酒价格,44
青瓷30,0
43度茅台酒价格查询,54
网上买白酒,68
金门特级高粱酒价格,27
五粮液福禄寿喜,0
茅台液价格,84
半甜白葡萄酒,80
五粮液金榜题名价格,48
国窖1573真假,0
洋河1号,72
古井贡酒价格表图片,0
古井原浆16年价格,0
古井贡酒价格和图片,0
泸州老窖酒价格查询,0
泸州老窖光瓶红高粱,0
泸州陈年红高粱,0
白云边价格,0
路易十三报价,0
路易拉菲干红葡萄酒,0
黄尾袋鼠多少钱,0
名将810,0
酒网官网,0
散装白酒有哪些品牌,0
五粮液散白酒,0
牛栏山二锅头防伪,0
牛栏山二锅头真假,0
贵州习酒价格,0
珍酒价格表,0
低度酒有哪些,0
口子窖白酒价格,0
江西白酒品牌,0
广西有什么白酒,0
卡斯特红酒价格表,0
金六福酒怎么样,0
金六福白酒价格查询,0
金六福结婚,0
水井坊多少钱,0
帝王威士忌,0
法国拉菲红酒2007,46
杏花村乐福酒,45
卖白酒的网站,0
茅台白酒批发,0
60度白酒泡酒好吗,0
购酒网官方,17
买白酒网站,45
法国拉菲红酒报价,34
张裕爱斐堡红酒价格,132
30年茅台价格,223
53度茅台酒价格,223
洋河梦之蓝价格,171
中国劲酒价格,164
河套王酒价格,8
53度飞天茅台酒价格,26
洋河天之蓝价格,180
白云边9年价格,61
38度茅台酒价格表,47
泸州醇价格,0
郎君酒,9
口子窖价格,141
洋河蓝色经典海之蓝,148
52度泸州老窖价格表,65
茅台迎宾酒43度,63
长城干红赤霞珠,145
广西白酒,0
飞天茅台酒价格表,8
董酒价格,126
路易十三酒多少钱,666
北京红星二锅头图片,0
伏特加属于什么酒,72
蓝带1844,90
汉唐雄风,55
四川白酒品牌,55
长城干红赤霞珠价格,131
路易十四酒,84
茅台迎宾酒53度价格,186
长城干红赤霞珠报价,26
茅台迎宾酒怎么样,126
张裕葡萄酒系列,0
酒网,170
轩尼诗官网,67
国宾专用酒,9
飞天茅台53度的价格,44
简装酒,0
白酒价格网,36
杜康酒图片,44
五粮醇红淡雅价格,142
购酒网站,64
江南黄酒,0
泸州红高粱酒好喝吗,0
青岛啤酒黑啤,0
古井贡酒红运价格表,0
杜康杜康酒价格表,0
红酒拉菲多少钱一瓶,0
吉林通化葡萄酒,0
红楼梦酒价格,0
红酒品牌卡斯特,0
品牌酒四川,0
大拉菲和小拉菲,0
路易十三洋酒多少钱,0
路易13多少钱一瓶,0
拉菲庄园干红葡萄酒,0
拉菲庄园2008价格,0
泸州老窖老酒价格,0
奔富洛神山庄红葡萄酒,0
黄尾袋鼠梅洛红葡萄酒,0
柏图斯官网,0
柏图斯庄园,0
白马城堡葡萄酒,0
乌毡帽黄酒价格,0
白酒的热量,0
奶酒价格,0
东北白酒大泉源,0
散白酒开店,0
卡斯特蛇龙珠,0
卡斯特兄弟红酒价格,0
200左右卡斯特红酒,0
卡斯特玛茜,0
威龙有机葡萄酒价格,0
凯旋马爹利,0
长城桑干酒庄雷司令,0
金六福42度,0
金六福结婚篇,0
水井坊典藏,0
四川白酒网,0
购买酒,8
剑南春52度价格表,0
和酒和白酒的区别,0
九酒是什么酒,0
买酒购酒网官网,0
梦之蓝m6价格,347
张裕窖藏解百纳价格,46
天之蓝价格,218
汾酒20年价格,361
双沟酒价格表,255
43度飞天茅台酒价格,17
海之蓝多少钱一瓶,428
白云边12年价格,230
贵州茅台镇酒价格表,325
52度五粮液尊酒价格,8
双沟酒,156
稻花香珍品一号,84
伊力特酒价格,171
人头马xo价格,80
双沟酒价格,26
北京红星二锅头价格,27
法国拉菲红酒价格,17
国五液,63
六和液,205
威龙干红葡萄酒价格,169
蓝色经典海之蓝价格,36
酒鬼酒价格表,353
绵柔金六福,85
飞天茅台53度价格,577
双沟珍宝坊君坊价格,119
五粮液珍品玉露,27
茅台酒瓶回收,92
纯粮散白酒,92
珍酒,226
泸州酒价格表,0
牛栏山二锅头价格表,881
五粮液百年老店,55
绍兴师爷酒,0
泸州老窖价格,196
五粮液金榜题名,99
北京红星二锅头,142
伊力特曲价格,52
购酒网假酒,17
拉菲传说波尔多干红,45
洋酒价格,114
百年泸州老窖价格表,118
泸州老窖酒价格表,435
金六福酒价格,17
泸州老窖酒,111
诗仙太白酒价格,27
中国董酒,17
一般红酒的价格,46
国花郎酒,62
杰卡斯葡萄酒,35
杰卡斯红酒,35
口子酒价格,35
洋酒图片,118
牛栏山二锅头酒价格,35
国窖1573广告,80
五粮液珍品玉露价格,46
贵宾郎酒价格查询,8
金门高粱酒价格,161
泸州老窖八年陈头曲,0
青岛黑啤酒价格,0
快递配送酒,0
拉菲传说查询真伪,0
拉菲传奇多少钱一瓶,0
长城桑干酒庄官网,0
杜康酒价格表和图片,0
路易拉菲多少钱,0
芬兰伏特加,0
美国深蓝伏特加,0
泸州老窖特曲老酒价格,0
澳洲黄尾袋鼠红酒价格,0
长城葡萄酒赤霞珠,0
拉图庄园红葡萄酒,0
木桐酒庄干红葡萄酒,0
珍藏波尔多,0
绍兴师爷黄酒官网,0
金色年华黄酒,0
奶酒多少钱,0
酒代理商怎么做,0
为什么有原浆酒,0
贵州酒价,0
酱香型白酒有哪些,0
低度白酒有哪些好喝,0
国外白酒,0
物美价廉的白酒,0
广西知名白酒,0
张裕雷司令,0
金六福酒价格查询,0
金六福白酒怎么样,0
水井坊酒官网,0
烧酒网可靠么,0
四川白酒六朵金花,0
奔富707红酒价格,0
茅台迎宾酒好吗,8
茅台酒最新价格,17
五粮液百年老店精品,0
四川什么酒,0
网上在哪买白酒,0
酒属于哪个行业,0
四川酒大全,0
全国哪里喜欢喝散装酒,0
白酒专卖网站,0
张裕爱斐堡价格,0
52度五粮液价格,205
青花郎酒价格,122
茅台醇52度价格,260
宜宾五粮液52度价格,213
枝江大曲价格表,45
枝江大曲价格,36
百年迎驾,132
枝江王价格,26
飞天茅台酒价格查询,36
水井坊价格表,46
剑兰春酒价格,9
战备茅台,44
买酒,189
皇家礼炮价格,71
今世缘典藏10年,0
泸州老窖38度价格表,165
洋河蓝色经典海之蓝价格,64
衡水老白干价格,54
郎牌特曲t3价格,110
古井贡酒图片,46
牛栏山经典二锅头,53
金门高粱酒58度价格,483
茅台系列酒,103
蓝色经典梦之蓝价格,64
简装白酒,26
中国劲酒能壮阳吗,35
水井坊价格,158
白酒,1765
人头马xo,296
郎酒1912价格,124
贵州茅台酒价格,188
买酒网站,63
衡水老白干39度,18
皖酒价格表,8
剑南春酒,565
买酒网,288
古井贡酒5年份原浆,0
古井贡酒多少钱一瓶,0
拉菲传奇波尔多干红,0
拉菲传说波尔多价格,0
红楼梦酒,0
百酒窖藏,0
伏特加多少钱,0
路易拉菲红酒,0
拉菲庄园真假,0
黄尾袋鼠梅洛,0
加州乐事红葡萄酒,0
拉图红酒价格,0
法国木桐红酒,0
柏图斯酒庄价格,0
白马牌干红,0
古越龙山原浆黄酒,0
塔牌十年加饭酒,0
张裕解百纳精品干红,0
台湾高粱酒58度价格,0
香槟价格,0
百年泸州老窖,0
贵州白酒价格,0
酒贵州董酒,0
荣和酒,0
如何防止白酒跑酒,0
卡斯特葡萄酒官网,0
白酒热量,0
现代白酒,0
小糊涂仙真假,0
智利干露红魔鬼梅洛红,0
王朝干红葡萄酒官网,0
五星金六福52度,0
水井坊是哪里生产的,0
湖北白酒网,0
超值红酒,0
五粮液拍卖,50
唐培里侬,232
张裕爱斐堡酒庄价格,0
女儿红酒价格,75
原浆酒价格,326
景芝白干,103
百加得冰锐多少钱,8
帝王洋酒,9
马爹利蓝带干邑,45
洋酒价格表,206
舍得酒价格,179
衡水老白干价格表,500
梦之蓝m3,148
泸州老窖52度价格,442
53度飞天茅台500ml,45
五粮国宾酒,205
飞机上可以带酒吗,205
古井贡酒产地,90
五粮液52度价格,1053
轩尼诗xo价格,146
口子酒,188
四特东方韵价格,327
杜康酒怎么样,38
杜康系列酒,151
五粮液1618,352
剑南春价格表,445
迎驾贡酒价格表,290
枝江酒,202
汾酒贴吧,53
水立方酒,200
双沟珍宝坊,191
泸洲老窖,43
卡斯特红酒,145
汾酒商城,18
拉菲多少钱一瓶,137
卡斯特葡萄酒,0
青岛黑啤多少钱,0
古井贡酒5年原浆,0
古井贡酒16年原浆,0
拉菲与小拉菲,0
奔富707价格,0
百年酒窖,0
拉菲购买者,0
拉菲尚品,0
人头马路易十三价格,0
vodka价格,0
路易拉菲,0
澳大利亚黄尾袋鼠,0
奥比昂红酒,0
柏图斯红酒价格,0
白马庄赤霞珠葡萄酒,0
白马庄园红酒价格,0
花雕酒和黄酒的区别,0
古越龙山5年,0
古越龙山金五年,0
武汉白酒,0
低端白酒品牌,0
泸州老窖古酒,0
39度五粮液价格,0
超级波尔多红葡萄酒,0
拉菲红葡萄酒,0
卡斯特西拉干红,0
伊力老窖,0
长城桑干酒庄珍藏级,0
金六福白酒价格表,0
各种红酒价格,0
至尊红酒,0
尼雅白葡萄酒,35
百年8年价格,0
中国有多少白酒企业,0
好喝便宜的白酒,0
酱香典范,84
两瓶红酒等于多少白酒,0
家里喝什么价格的酒,0
四川最出名的酒,0
梦之蓝价格,176
太白酒价格表,66
沱牌曲酒价格,0
丰谷酒王价格,112
订酒,65
哈尔滨白酒,47
习酒窖藏,93
盛世茅台,36
30年茅台,171
辽宁白酒,67
青稞啤酒,120
红酒倒进高脚杯,26
52度五粮液酒价格表,465
伏特加价格,101
水立方酒价格,87
原浆酒,306
酒鬼酒官网,174
成龙酒,84
国窖1573官网,0
扳倒井价格,27
什么是利口酒,0
老白干酒价格,72
网上买酒,89
茅台王子酒价格,342
古越龙山价格,102
东北白酒,126
四川泸州老窖价格表,66
海之蓝52度多少钱一瓶,548
半甜红葡萄酒,62
百年陈酱,36
香格里拉庄园,37
53度茅台王子酒价格,9
梅鹿辄干红,28
威龙葡萄酒价格,0
小拉菲和大拉菲的区别,0
古井原浆价格,0
拉菲神话价格,0
四川白酒,0
如何查询白酒价格,0
拉图红酒价格表,0
拉图嘉利酒庄,0
伯爵拉图干红葡萄酒,0
法国拉图男爵,0
玛歌庄园红酒价格,0
拉图庄园,0
十字木桐庄园,0
拉菲珍藏波尔多红,0
黄酒的价格,0
乌毡帽黄酒,0
散白酒成本,0
绵竹大曲珍品,0
贵州名酒价格表,0
白酒行业排名,0
白酒文明,0
中国白酒品牌排行榜,0
女人喝白酒,0
小糊涂白酒,0
卡斯特波尔多,0
张裕卡斯特,0
卡斯特美乐干红,0
法国公爵干红葡萄酒,0
威龙有机葡萄酒,0
金六福海南,0
剑南春查真伪,0
设拉子红酒,0
2007年红酒价格,0
马爹利xo干邑,58
坨牌酒价格及图片,0
国缘酒价格,17
天之蓝价格表,378
赖茅酒怎么样,71
劲酒价格,66
劲酒价格表,391
hennessy vsop价格,196
双沟大曲价格,35
蓝带啤酒价格,45
湘泉酒价格,0
金泸州酒价格,0
黑龙江白酒,17
黄酒价格,78
国密董酒价格,17
新疆尼雅葡萄酒,0
古越龙山黄酒价格,118
茅台酒拍卖,119
五粮液荣华富贵,73
梦之蓝m3价格,470
天号陈,115
婚宴专用酒,0
泸州老窖六年陈头曲,203
36度百年牛栏山,17
结婚喝什么酒,8
台湾金门高粱酒58度,66
s95,94
杜康是哪个朝代,8
白云边酒价格,26
黄金酒多少钱一瓶,143
河套王,202
清酒度数,190
百威啤酒价格,145
杜康酒价格查询,18
53度飞天茅台的价格,26
威龙干红,64
皇家花园红葡萄酒,80
老白汾酒价格,123
牛栏山二锅头价格,71
双沟珍宝坊价格,452
马爹利名士干邑,0
文君酒,228
酒,2667
五粮液万事如意,130
荣和烧坊,119
金门高粱酒价格表,160
四特酒,573
茅台醇价格,152
伊力特曲,155
五粮液百年老店价格,82
二锅头兑红牛,114
www.520pu.com,63
杜康哪个朝代,18
剑南春吧,74
金奖特曲,17
帕索,8
泸州老窖红高粱酒价格,0
古井贡酒十年陈酿,0
26年古井原浆价格,0
古井贡酒5年价格表,0
有机白酒,0
泸州红高粱好喝吗,0
法国伯爵红酒,0
拉菲红酒多少钱一瓶,0
澳洲红酒389,0
买酒去哪个网站好,0
拉菲干红葡萄酒价格,0
拉菲庄园2008,0
路易拉菲和拉菲,0
澳洲黄尾袋鼠,0
法国白马酒庄,0
法国白马红酒,0
白马08年酒,0
北京市场上的散装白酒,0
通天山葡萄酒价格,0
法国卡斯特红酒,0
法莱雅干红葡萄酒,0
水井坊酒批发价格表,0
蛇酒价格,0
五步蛇酒,0
白酒品牌网,0
牛栏山二锅头产地,0
茅台喜宴酒价格,0
尼雅葡萄酒多少钱,0
海之蓝价格,176
茅台天朝上品价格,69
天之蓝,1334
沱牌曲酒,205
飞天商务酒,36
习酒1988价格,102
网上买酒去哪个网站,0
珍宝坊,165
五粮液百年老店52,0
五粮液酒价格,142
轩尼诗vsop价格,579
竹叶青酒价格,229
东北名酒,44
天之蓝42度多少钱一瓶,418
白酒招商方案,17
海之蓝42度多少钱一瓶,530
洋河蓝色经典价格,734
伏特加多少一瓶,17
茅台王子酒的价格,26
景芝酒,157
53度飞天茅台价格,329
合肥白酒价格,0
红星二锅头价格,37
高炉酒,26
奥比昂,138
伊力特价格,37
52度剑南春价格,53
国窖1573多少钱一瓶,391
泸州老窖52度价格表,69
婚宴酒,271
伊力,157
劲酒配方,45
泸州老窖价格表,1090
五粮液酒,230
马爹利多少钱一瓶,35
国窖1573广告词,45
扳倒井酒价格表,372
怎样储存高粱酒,0
葡萄酒多少钱一瓶,0
拉菲2010,0
拉菲红酒的价格,0
轩尼诗李察干邑,0
卖酒的网站,0
剑南春老酒,0
绍兴黄酒价格,0
黄尾袋鼠葡萄酒真伪,0
黄尾袋鼠葡萄酒特价,0
柏图斯价格,0
柏图斯酒庄,0
柏图斯葡萄酒,0
白马庄园葡萄酒,0
白马尊尼价格,0
白马庄红酒官网,0
巴顿庄园,0
绍兴黄酒网,0
乌毡帽,0
和酒金色年华,0
酒类招商方案,0
散装白酒能喝吗,0
浓香型白酒的特点,0
江苏白酒品牌,0
蓝色水井坊,0
三蛇酒价格,0
格兰菲迪,253
中国著名白酒品牌,0
网上买酒的网站,17
多少钱的酒算高档酒,0
怎么查询酒的价格,0
西凤酒图片,35
百年皖酒价格,57
飞天茅台酒价格,196
稻花香珍品二号,8
五粮春价格,93
五粮醇价格,117
五粮春,547
剑南春价格,217
舍得酒,464
洋酒品牌,219
古井贡酒年份原浆,160
荣华富贵酒,27
五粮液锦上添花,142
杜康52度酒价格表,127
婚宴用什么酒,0
洋河蓝色经典 价格,36
合肥白酒团购,80
52度五粮液价格表,54
沙洲优黄,213
杜康酒价格,74
水井坊52度价格,263
国台酒,252
张裕馆藏干红葡萄酒,289
拉菲红酒价格,1322
四特酒价格,276
五粮液价格,1231
花雕酒是黄酒吗,177
茅台酒价格表,696
高端白酒有哪些,26
轩尼诗vsop干邑白兰地,72
口子酒价格表,76
五粮液一马当先,9
百鸟朝凤酒,64
衡水老白干67度价格,272
张裕冰谷,0
奥比昂酒庄,0
古井贡酒介绍,0
古井贡酒红运,0
拉菲波尔多,0
拉菲珍藏波尔多,0
拉菲一瓶多少钱,0
普通红酒多少钱一瓶,0
奔富条形码0,0
轩尼诗系列酒,0
通化葡萄酒官网,0
泸州老窖特曲老酒,0
黄尾袋鼠葡萄酒真假,0
白马庄园红酒,0
马奶酒价格,0
散装白酒多少钱一斤,0
品牌散白酒,0
53度汾酒,0
贵州珍酒价格,0
低价白酒,0
清香型白酒,196
名牌白酒价格图片,0
泸州古酒价格,0
广西白酒市场,0
广西白酒价格,0
拿破仑干邑白兰地,0
金六福白酒,0
金六福寓意,0
水井坊价位,0
法国红酒赤霞珠,0
法国红酒2007,0
家有酒官网,0
李时珍养生酒,67
蓝之蓝价格,0
高档酒水有哪些,0
茅台王子酒价格查询,44
52度五粮液1618价格,27
舍得价格,53
贵宾郎酒价格,17
茅台酒批发,208
五粮液尊酒价格表,54
如意郎酒价格,102
六百岁,8
国宴酒,96
梦之蓝m6,110
红星二锅头价格表,270
孟买蓝宝石金酒,79
国窖1573中国品味,88
马爹利名士,296
茅台迎宾酒,889
青花瓷汾酒,793
百年张裕干红葡萄酒,27
散白酒代理,167
杜康是哪个朝代的,198
黄酒品牌,419
桑干,26
山东白酒,124
泸州老窖婚宴用酒,93
五粮液事件,27
五粮春酒价格表,510
习酒窖藏1988,196
水井坊酒,139
泸州老窖营销系统,0
意大利红酒品牌,119
安徽白酒品牌,17
张裕干红葡萄酒价格,559
拉菲价格,187
茅台葡萄酒,157
汾酒青花瓷,111
拉菲酒,94
汾酒吧,35
茅台酒价格,1157
五粮液尊酒价格,53
劲酒官网,109
喜宴酒价格,0
梅鹿辄干红葡萄酒,8
五粮液52度官方价格,53
凌致,193
法国小企鹅红酒,0
泸州老窖红高粱酒图片,0
泸州老窖红高粱0,0
凯撒黑啤,0
白酒价格表和图片,0
拉菲传奇红酒价格,0
普通拉菲多少钱一瓶,0
拉菲真假,0
第一酒网,0
白云边产地,0
茅台老酒价格,0
法国木桐红酒价格表,0
白马酒庄干红葡萄酒,0
唐宋绍兴花雕酒,0
石库门黄酒,0
井冈山红米酒价格,0
古越龙山黄酒价格表,0
会稽山绍兴酒图片,0
北京白酒,0
想做散装酒生意,0
散装白酒市场,0
汾酒的品种,0
福建的酒,0
张裕橡木桶干红,0
水井坊产地,0
茅台有浓香型白酒吗,0
哪种白酒是酿造白酒,0
酒的价钱,0
家用存白酒存什么酒好,0
中国地炮酒价格,0
王朝葡萄酒价格,55
古越龙山花雕酒价格,196
迎驾贡酒价格,154
长城干红价格,64
张裕解百纳价格,177
黄鹤楼酒价格表,166
长城干红蛇龙珠价格,56
38度泸州老窖价格表,45
53度飞天茅台,151
百年皖酒,141
茅台酒的原料,37
茅台酒介绍,8
酒价格,104
牛栏山二锅头报价,35
茅台王子酒,547
万事如意酒,53
张裕赤霞珠,114
路易十三洋酒价格,146
婚庆酒,154
黄金酒怎么样,8
卖酒网站,62
红牌威士忌,146
泸州老窖1573,134
法国白兰地,84
二锅头多少度,200
喜宴酒,26
山西汾酒价格,125
洋河大曲价格,135
贵州茅台镇酒价格,116
红星二锅头图片,73
洋酒的种类,134
诗仙太白酒,110
婚礼酒,26
贵州茅台酒厂地址,45
红魔鬼葡萄酒,159
张裕冰谷黄金,0
刘伶醉,337
百年牛栏山价格表,102
泸州红高粱酒38度,0
古井贡酒八年原浆,0
古井贡酒年份原浆酒,0
玛歌庄园红酒,0
拉菲珍藏,0
拉菲红酒价格表,0
拉菲神话红葡萄酒,0
怎么查白酒价格,0
拉菲2011,0
杜康老酒,0
木桐庄园副牌,0
黄酒散酒,0
绍兴黄酒品牌,0
散装白酒价格,0
卖散装白酒,0
福建名酒,0
酱香型白酒的特点,0
白兰地选购,0
金六福喜酒,0
绵柔金六福官网,0
国窖1573最新价格,0
蓝色经典梦之蓝价格,64
泸州老窖52度浓香型,0
杏花村啤酒价格,0
白云边酒价格,26
泸州老窖酒价格表,435
白马红葡萄酒,0
汝阳杜康酒价格,0
澳洲黄尾袋鼠红酒价格,0
衡水老白干价格表,500
马爹利价格,65
卡慕经典vsop,9
杏花村汾酒集团,75
轩尼诗vsop价格,579
30年古井贡酒价格,0
贵州茅台镇酒价格表,325
红酒价格查询,0
泸州特酿价格,17
天之蓝价格,218
沱牌舍得酒业,35
进口起泡酒品牌,0
红高粱酒价格,26
金沙酱酒,0
杏花村原浆酒,64
诗仙太白新花瓷,54
青花郎酒价格,122
茅台特供酒价格,80
水井坊酒价格,123
山西汾酒价格表,299
洋河梦之蓝价格,171
沱牌酒价格,0
贵州茅台白金酒价格,35
沱牌曲酒价格,0
国窖1573酒价格表,45
金六福酒价格表,508
全部西凤酒价格表,190
河套王酒价格,8
宁夏红枸杞酒价格,243
五粮液尊酒价格表,54
宋河粮液价格,36
茅台天朝上品价格,69
河套老窖价格,17
茅台白金酒价格查询,0
丰谷酒价格,0
洋河酒价格,63
山西杏花村汾酒价格,45
泸州老窖特曲价格,64
金泸州酒价格,0
剑兰春酒价格,9
葡萄酒团购,89
蓝带马爹利价格,262
洋河海之蓝价格,169
洋河蓝色经典海之蓝价格,64
酒仙网官方旗舰店,938
52度泸州老窖价格表,65
泸州老窖52度价格,442
蓝色经典价格,35
芝华士12年苏格兰威士忌,145
马爹利蓝带价格,136
国窖1573价格,185
五粮液尊酒,153
白酒销售网,8
酒仙网的酒怎么样,17
杏花村酒价格,45
卖酒商城,0
白金酒价格表,72
杜康52度酒价格表,127
女儿红白酒价格,27
茅台专供酒,81
习酒价格查询,0
洋河蓝色经典 价格,36
杜康酒价格查询,18
杜康酒价格,74
水井坊价格,158
国窖1573价格表,951
今世缘酒价格,35
53度飞天茅台的价格,26
53度贵州茅台酒价格,110
中国酒仙网,63
丰谷酒价格表,238
扳倒井价格,27
杜康系列酒,151
沱牌酒价格表,332
山西汾酒价格,125
张裕干红葡萄酒价格,559
老白干酒价格,72
洋河大曲价格,135
酒仙官方旗舰店,17
酒仙网旗舰店,54
酒仙网官网,911
国窖1573多少钱,74
郎酒价格查询,35
泸州老窖头曲价格表,86
四特酒价格,276
茅台白金酒价格,178
金六福酒价格,17
酒仙网官方,0
白金酒价格,0
五粮液尊酒价格,53
泸洲老窖,43
马爹利xo价格,127
国窖157338度,0
衡水老白干系列酒,17
五粮液一马当先,9
酒仙网实体店,17
古井贡酒年份原浆酒,0
古井年份原浆,0
古井贡酒浓香型50度,0
泸州老窖酒价格查询,0
杜康杜康酒价格表,0
拉菲传奇价格,0
拉图兰爵价格,0
白云边价格,0
宁夏红枸杞酒多少钱,0
雷米诺伏特加,0
泸州老窖老酒价格,0
山庄老酒42度价格表,0
山庄老酒42度,0
人头马红酒价格,0
威士顿红酒,0
拉图庄价格,0
白马酒庄红酒品牌,0
白马城堡葡萄酒,0
白马庄赤霞珠葡萄酒,0
白马庄红酒官网,0
白马庄园红酒价格,0
买红酒的专业网站,0
黄酒专卖,0
汾酒原浆酒价格,0
山西杏花村酒价格表,0
洋河原浆酒价格,0
贵州习酒价格,0
贵州珍酒价格,0
荣和酒,0
白酒批发网,0
京都白酒,0
茅台葡萄酒价格表,0
云南红葡萄酒官网,0
华夏九五干红,0
马爹利名士价格,0
martell价格,0
金六福白酒价格表,0
金六福白酒,0
金六福白酒价格查询,0
水井坊酒批发价格表,0
水井坊多少钱,0
小糊涂仙官网,0
买红酒去哪个网站,0
买红酒到哪个网站,0
网购红酒网站,0
尼雅葡萄酒多少钱,0
卖白酒的网站,0
蓝之蓝价格,0
白酒专卖网站,0
买酒哪个网站好,0
茅台王子酒价格查询,44
古越龙山花雕酒价格,196
张裕红酒价格,47
长城干红价格,64
张裕红葡萄酒价格,27
张裕解百纳价格,177
53度茅台酒价格,223
杏花村汾酒价格,130
五粮液黄金酒价格表,54
古越楼台,17
黄鹤楼酒价格表,166
泸州老窖头曲价格,73
52度五粮液尊酒价格,8
中粮长城干红,45
古井贡酒年份原浆价格,747
青花瓷酒价格,8
如意郎酒价格,102
原浆酒价格,326
北京红星二锅头价格,27
丰谷酒王价格,112
水井坊价格表,46
景阳春酒价格,0
国密董酒价格,17
五粮液百年老店52,0
长城干红葡萄酒价格,241
张裕红酒价格表,125
张裕葡萄酒的价格,44
泸州老窖38度价格表,165
蒙古王酒价格,150
二锅头价格表,206
衡水老白干价格,54
泸州老窖金奖特曲,85
五粮液酒价格,142
孟买蓝宝石金酒,79
茅台普天同庆,18
五粮国宾酒,205
西凤酒价格查询,73
卖酒网站,62
中国白酒,174
白水杜康酒价格表,17
泸州老窖1573,134
53度赖茅酒价格,181
洋河蓝色经典价格,734
古井贡酒价格,136
五粮液52度价格,1053
52度五粮液酒价格表,465
泸州酒价格表,0
茅台迎宾酒价格查询,64
杜康酒价格表,675
泸州老窖特曲价格表,136
茅台系列酒价格表,56
杏花村汾酒价格表,69
陕西西凤酒价格表,106
蓝色经典酒,38
水井坊52度价格,263
习酒价格表,136
红星二锅头价格,37
张裕解百纳优选级,54
长城干红葡萄酒报价,161
红酒专卖店,138
郎酒价格,191
老白汾酒价格,123
赖茅酒53度价格,235
五粮液金榜题名,99
丛台酒价格,8
女儿红白酒,17
剑南春38度价格,45
汝阳杜康,157
52度剑南春价格,53
长城红葡萄酒,66
马爹利xo,388
古越龙山价格,102
贵州茅台酒价格,188
洋河蓝色经典价格表,78
五粮液价格,1231
迎驾贡酒价格表,290
茅台集团天朝上品,0
人头马酒,86
孔府家酒业,0
贵州茅台天朝上品,0
四川泸州老窖价格表,66
高档白酒,72
张裕葡萄酒价格,55
泸州老窖酒,111
诗仙太白酒价格,27
郎酒1912恒久珍爱价格,103
尼雅干红葡萄酒价格,77
法国拉菲红酒多少钱,26
52度国窖1573价格表,56
酒水网购,62
景阳春酒价格表,244
扳倒井酒价格表,372
法国小企鹅红酒,0
古井贡酒白酒价格,0
普通古井贡酒,0
年份原浆,0
五星啤酒,0
泸州老窖大青花瓷,0
富隆红酒价格,0
拉菲传说价格,0
拉菲传说波尔多价格,0
拉菲庄园2010,0
黑方价格,0
买红酒哪个网站好,0
网上买红酒哪个网站好,0
张裕红酒批发网,0
北京酒水网,0
第一酒网,0
专卖红酒的网站排名,0
买红酒什么网站好,0
杜康酒价格表和图片,0
泸州老窖系列酒价格,0
红楼梦酒价格,0
拉菲2004,0
2004年拉菲,0
人头马酒价格,0
老酒大全,0
茅台不老酒价格,0
茅台不老酒官网,0
杜康老酒,0
杏花村老酒,0
黄尾袋鼠西拉干红,0
皇家庄园红葡萄酒,0
拉图2007,0
山西沱牌舍得酒业,0
正派白马酒庄价格,0
十字城堡干红葡萄酒,0
黄酒网站,0
唐宋绍兴花雕酒,0
茅台北冬虫夏草酒,0
酒水价格,0
八达岭二锅头,0
汾酒杏花村酒价格表,0
汾酒青花瓷酒,0
汾酒集团官网,0
老白汾酒价格表,0
贵州酒价,0
长城葡萄酒官网,0
智利干露红魔鬼梅洛红,0
茅台冬虫夏草酒价格,0
长城干红解百纳,0
长城干红葡萄酒价格表,0
金六福酒产品,0
金六福手表,0
金六福酒业,0
金六福白酒价格,0
金六福38度酒价格,0
中国水井坊,0
水井坊价位,0
马天尼起泡酒阿斯蒂,0
购买红酒的网站,0
马爹利xo干邑白兰地,79
蜂蜜利口酒,0
酒价价格表,0
网上买酒的网站,17
52&#176;泸州老窖陈坛老窖珍坛500ml,9
华夏长城干红价格,88
52度五粮液价格,205
43度飞天茅台价格,111
海之蓝价格,176
花雕酒的价格,0
太白酒价格表,66
百加得冰锐价格,26
白云边12年价格,230
中粮长城干红葡萄酒,35
人头马xo价格,80
双沟青花瓷价格,0
张裕馆藏解百纳,26
剑南春价格,217
新天尼雅干红葡萄酒,8
国窖157352度,26
洋酒轩尼诗价格表,78
蓝色经典海之蓝价格,36
xo价格,152
古井贡酒年份原浆,160
诗仙太白,172
国窖1573 52度价格,133
马爹利名士,296
华夏长城干红,28
五粮液锦上添花,142
宁夏枸杞酒,44
蓝带xo,56
52度五粮液尊酒,0
五粮液国宾酒,120
茅台冬虫夏草酒,53
买葡萄酒的网站,54
红星二锅头官网,67
茅台特供酒,255
北京红星二锅头官网,27
伏特加价格,101
水井坊酒,139
张裕窖藏干红葡萄酒,68
国窖1573官网,0
泸州老窖价格,196
山西杏花村酒,0
宝丰酒价格,26
买酒去哪个网站,158
法国富豪白兰地,17
汾酒价格表,334
云南红葡萄酒,139
金六福 价格,26
杏花村酒价格表,344
轩尼诗酒价格表,137
山庄老酒价格,0
茅台白头到老,0
泸州老窖价格表,1090
诗仙太白酒,110
天朝上品多少钱,0
茅台天朝上品,9
酒仙网招聘信息,45
轩尼诗价格,166
百龄坛威士忌,59
马爹利多少钱一瓶,35
批发白酒,89
宋河粮液价格表,271
二锅头青花瓷,36
刘伶醉酒价格,8
金门高粱酒价格,161
红星二锅头酒,83
白酒价格表和图片,0
泸州老窖6a,0
尖庄曲酒,0
拉菲传奇简介,0
富隆葡萄酒,0
北京红酒价格,0
红楼梦圆梦酒,0
宁夏枸杞红酒,0
西夏王葡萄酒价格,0
西夏王红酒价格,0
人头马路易十三价格,0
人头马干红价格,0
路易十三报价,0
美国深蓝伏特加,0
茅台不老酒,0
承德老酒官网,0
奔富bin28价格,0
奔富红酒bin28,0
戎子葡萄酒,0
阳光酒庄,0
黄尾袋鼠红葡萄酒,0
拉图价格,0
木桐红酒2001年,0
拉图红酒,0
法国武当红葡萄酒,0
木桐酒价格,0
木桐红酒价格,0
古越龙山王,0
古越龙山多少度,0
古越龙山坛,0
张裕解百纳精品干红,0
北京白酒,0
富贵江南酒,0
青花瓷汾酒价格表,0
贵州遵义习酒,0
太白酒系列,0
五粮液白酒图片,0
广西丹泉,0
云南红酒,0
专业红酒团购,0
青岛啤酒多少钱,0
金六福系列,0
水井坊酒官网,0
皮诺霞多丽起泡酒,0
烟酒网上商城,0
网上卖红酒的网站,0
长城干红2010,0
马爹利xo干邑,58
castel红酒价格,148
泸州福酒价格,0
今世缘酒价格表,447
52茅台酒价格表,0
洋河天之蓝价格,180
锦上添花酒价格,114
38度泸州老窖价格表,45
百加得冰锐多少钱,8
蓝色贵宾价格,0
网络购酒,0
梦之蓝m6,110
燕京啤酒价格,316
白酒网站,83
城堡红酒,0
1573国窖价格,228
天朝上品价格,0
古井酒价格表,26
蓝带马爹利,437
马爹利蓝带,331
茅台迎宾酒价格,409
长城干红葡萄酒,355
竹叶青酒价格,229
白酒团购,99
白酒信息网,35
张裕红酒品牌,0
白云边酒价格表,469
网上买酒哪个网站好,140
古越龙山陈年花雕酒,9
冰锐百加得,54
四特东方韵价格,327
长城葡萄酒价格表,262
葡萄酒专卖,37
张裕馆藏干红葡萄酒,289
仰韶彩陶坊价格,162
贵州茅台京玉酒价格,27
锦上添花酒,9
马爹利名士干邑,0
买白酒到哪个网站,35
泸州老窖52度价格表,69
汾酒青花瓷,111
红星二锅头,751
迎驾酒价格表,64
买酒网站有哪些,64
贵州茅台白金酒,26
杜康酒图片,44
张裕解百纳干红葡萄酒,232
衡水老白干67度价格,272
2014年泸州老窖,0
陈年老窖珍品,0
红酒网上商城,0
法国骑士红酒,0
澳洲红酒389,0
哪个红酒网站好,0
拉图兰爵红酒价格,0
伏特加官网,0
黄尾袋鼠白葡萄酒,0
法国白马酒庄,0
井冈山红米酒价格,0
北冬虫夏草酒,0
张裕红葡萄酒,0
老东阳,0
vsop白兰地,0
酒水第一网,0
酒水网站,0
汾酒系列酒,0
西凤6年,0
贵州名酒价格表,0
白酒保健,0
口子窖白酒价格,0
小糊涂白酒,0
枫叶烧酒,0
华夏长城葡萄酒,0
法国castel,0
四川金六福,0
水井坊臻酿八号,0
马天尼阿斯蒂,0
俄罗斯起泡酒,0
三星迎驾价格,0
中国红酒网站,0
买白酒网站,45
白酒的价格查询,0
43度飞天茅台酒价格,17
小糊涂仙酒价格,190
双沟大曲价格,35
全兴大曲价格,8
白酒批发,326
泸州窖酒价格表,26
喜力啤酒价格,141
小糊涂神酒价格,140
衡水老白干官网,154
红星二锅头价格表,270
天下粮仓酒,103
名士马爹利,187
双沟珍宝坊君坊价格,119
青花瓷汾酒,793
汾酒杏花村,93
白酒价格查询,114
xo酒价格,73
西凤酒价格,270
53度茅台酒价格表,231
贵州茅台价格,151
安徽白酒网,26
沱牌舍得,898
卖葡萄酒的网站,0
古井贡酒价格查询,17
洋河蓝色贵宾价格,116
轩尼诗xo价格,146
北京红酒,76
贵州茅台集团习酒,0
塔牌花雕酒,78
人头马vsop,172
五粮液酒价格查询,45
法国干邑白兰地,17
茅台迎宾酒53度价格,186
杏花村汾酒,180
红酒团购,128
长城干红官网,26
台湾金门高粱酒价格,143
西凤酒价格表,864
老白干酒,421
宁夏红枸杞酒,131
杏花村酒,194
厚工坊,131
山西杏花村,154
水井坊官网,73
黑土地酒价格,112
桃乐丝红酒,55
五粮液福禄寿喜,0
金六福官网,123
凯撒黑啤酒,0
古井原浆10,0
轩尼诗系列酒,0
北京红酒专卖店,0
中国名酒网,0
澳洲红酒排名,0
路易十三洋酒多少钱,0
法国人头马路易十三,0
即墨老酒官网,0
五粮液老酒图片,0
承德山庄老酒,0
宝石树红酒,0
黄尾袋鼠梅洛红葡萄酒,0
澳洲黄袋鼠官网,0
拉图兰爵红酒,0
白马酒庄官网,0
白马庄园红酒,0
白马葡萄酒,0
白马牌红酒价格,0
英国白马红酒,0
法国木桐酒庄,0
绍兴会稽山黄酒价格,0
古越龙山黄酒官网,0
通天山葡萄酒价格,0
茅台干红葡萄酒价格,0
法国公爵干红葡萄酒,0
伊力老窖,0
法国人头马葡萄酒,0
青岛啤酒价格表,0
金六福酒价格查询,0
金六福至尊酒多少钱,0
金六福白酒加盟,0
水井坊图片,0
俄罗斯的伏特加,0
购买红酒,0
法国红酒网购,0
浪漫红酒网,0
网上买酒什么网站好,0
九来所有酒,0
梦之蓝价格,176
贵宾郎酒价格,17
国缘酒价格,17
泰山日出酒价格,27
百年皖酒价格,57
海之蓝价格表,1133
红花郎酒价格,461
泸州老窖一品坊价格,57
洋河酒价格表,422
飞天茅台酒价格查询,36
双沟酒价格,26
法国菲图,9
汾酒专卖店,82
泸州醇价格,0
道光二十五酒价格,189
古越龙山黄酒价格,118
贵州白酒网,27
天朝上品,185
金门红高粱酒,35
盛世茅台,36
山西汾酒杏花村,8
郎酒1912,81
泸州老窖头曲,809
路易十三洋酒价格,146
青岛啤酒奥古特,143
黄鹤楼价格,185
山西杏花村汾酒,62
茅台镇迎宾酒,72
路易十三酒多少钱,666
路易十三多少钱,82
华夏葡萄酒,97
皇家礼炮酒,85
人头马xo,296
银麦啤酒,186
双沟珍宝坊价格,452
老白汾酒,217
青花瓷酒,166
人头马价格,125
茅台王子酒价格,342
迎驾酒价格,26
百年泸州老窖价格表,118
金门高粱酒价格表,160
白酒公司,88
金门高粱酒官网,9
国宾专用酒,9
castel红酒,0
津酒价格,9
贵宾郎酒价格查询,8
五粮醇红淡雅价格,142
国密董酒,115
刘伶醉酒价格表,343
剑南春酒,565
卖红酒的网站,0
三十里红高粱酒,0
泸州老窖红高粱,0
韩国海特啤酒,0
50度古井贡酒价格表,0
比尔森啤酒,0
泸州福38度价格,0
皇家礼炮21年,272
奔富洛神,0
奔富389价格,0
红楼梦酒,0
杏花老酒,0
宝丰老酒,0
山庄老酒官网,0
奔富洛神山庄红葡萄酒,0
盛唐葡萄酒,0
黄尾袋鼠西拉红葡萄酒,0
黄尾袋鼠加本力苏维翁,0
黄尾袋鼠多少钱,0
黄尾袋鼠葡萄酒价格,0
法国拉图男爵,0
玛歌2009,0
白马红酒,0
白马酒庄干红葡萄酒,0
法国白马红酒,0
法国木桐酒庄官网,0
木桐酒庄干红葡萄酒,0
古越龙山花雕,0
酒类批发网,0
怀庄1983,0
西凤醇酒50度,0
泸州老窖官方网,0
广西白酒价格,0
castel官网,0
白兰地vsop价格,0
长城葡萄酒分类,0
金六福喜酒,0
蓝色水井坊,0
百利甜酒多少钱,0
北京红酒网,0
茅台酒最新价格,17
酒价钱查询,0
张裕爱斐堡酒庄价格,0
贵州茅台酒价格查询,54
红花郎酒价格表,27
双沟酒价格表,255
董酒价格表,110
嘉宾郎酒价格,26
52度茅台酒价格,17
水井坊酒价格表,677
hennessy vsop价格,196
伊力特酒价格,171
古贝春酒价格,109
蓝花瓷酒价格,80
威龙干红葡萄酒价格,169
卡斯特红酒价格,296
酒价格查询,96
古井贡酒价格表,530
茅台系列酒价格,27
北京红星二锅头,142
芝华士12年价格,347
国窖1573多少钱一瓶,391
张裕干红葡萄酒,199
五粮液万事如意,130
张裕红酒介绍,0
金门高粱酒,414
52度杏花村酒价格表,0
泸州老窖精品头曲,0
泸州老窖红高粱52度,0
泸州老窖红高粱酒价格,0
古井典藏价格,0
古井贡酒5年份原浆,0
bin389红酒,0
红酒网站哪个好,0
洛阳杜康酒价格表,0
宁夏枸杞金酒,0
宁夏西夏王葡萄酒,0
瑞典伏特加柠檬,0
水晶伏特加,0
黄尾袋鼠红酒,0
澳洲黄尾袋鼠,0
中国黄尾袋鼠,0
黄尾袋鼠葡萄酒特价,0
袋鼠红酒西拉,0
拉图兰爵干红葡萄酒,0
木桐酒庄官网,0
白马庄园葡萄酒,0
小木桐干白,0
会稽山黄酒价格,0
古越龙山黄酒价格表,0
贵州酒网,0
百年泸州老窖,0
贵州白酒价格,0
贵州珍酒,0
天地缘白酒,0
长城半干白,0
泸州古酒价格,0
长城华夏95,0
青岛啤酒批发价,0
四川金六福白酒代理,0
金六福五星,0
水井坊是哪里生产的,0
宁城老窖价格,0
张裕爱斐堡红酒价格,132
古越龙山花雕酒,45
舍得价格,53
汾酒20年价格,361
扳倒井酒价格,35
梦之蓝价格表,247
口子窖5年价格,213
景芝白干,103
烟台张裕葡萄酒,0
马爹利蓝带干邑,45
舍得酒价格,179
芝华士18年价格,132
酒鬼酒价格,105
泸州老窖特曲,629
法国波尔多干红,8
路易十三价格,167
53度飞天茅台酒,105
52度五粮液价格表,54
郎酒价格表,510
剑南春52度价格,1010
茅台葡萄酒,157
尼雅葡萄酒,144
长城葡萄酒,396
长城 葡萄酒,27
茅台酒价格表,696
干红葡萄酒价格,146
双沟珍宝坊,191
汾酒30年,80
十八酒坊蓝钻,152
赖茅酒价格,236
拉菲红酒中国代理,0
啤酒代理商,516
泸州老窖养生酒公司,0
起泡酒多少钱,0
酱香酒招商,0
中低档白酒代理网,44
红酒拉菲,0
如何做苹果酒,0
各种啤酒代理招商,0
批发散酒,0
东北纯粮食酒,0
贵宾郎酒价格,17
红星二锅头价格表,270
白酒酿造方法,0
柏翠红酒介绍,0
赖茅酒价格表,454
如何做白酒代理,114
东北酒招商,0
代理白酒需要多少钱,0
散酒加盟如何,0
散白酒加盟代理,26
泸州老酒坊价格表,132
东北白酒代理,18
散白酒代理,167
白酒招商政策,17
南京拉菲庄园2009,0
中国酒招商网,0
低端白酒招商2013,0
鸡尾酒代理,0
酒水代理怎么做,0
如何做酒代理,0
山西白酒代理,0
汾酒加盟代理,0
安徽白酒招商,0
法国红酒品牌介绍,0
果酒有什么种类,0
白酒销售,149
拉菲红酒中国总代理,101
贵州赖茅酒价格,101
中国白酒招商代理网,0
葡萄酒招商,187
广东泸州红高粱酒,0
浓色啤酒,0
古井天香价格,0
古井天香酒价格表,0
85拉菲多少钱一瓶,0
杏花村散酒,0
光照黄酒价格,0
酒代理加盟,0
光瓶酒品牌,0
烟酒代理,0
进口啤酒代理商,0
散白酒代理加盟,0
酱香型白酒招商,0
散装酒加盟,0
白酒总代理,0
代理散白酒,0
如何代理白酒,0
地方白酒新品上市方案,0
红酒团购怎么找客户,0
四川金六福白酒代理,0
滇西1944白酒,8
拉菲红酒代理,35
滇西1944酒,0
白酒代理赚钱吗,0
虎骨酒价格,120
名酒价格表,144
虎骨酒回收价格,171
法国葡萄酒品牌大全,0
南京拉菲庄园,0
即墨妙府老酒,0
苹果酒的做法,0
家庭自制苹果酒,0
米酒视频招商,0
用冰糖做葡萄酒,0
白酒代理第三方平台,0
酒类招商网站,0
白酒新闻,0
散酒代理加盟,0
北京二锅头排名,0
东北纯粮散白酒,0
汾酒代理商,0
酒神散酒,0
文姜牌白酒,0
散白酒加盟,163
中低档白酒代理,69
白酒招商信息,0
自制葡萄酒保质期,88
即墨妙府老酒价格,0
黄尾袋鼠葡萄酒代理,0
台湾高粱酒品牌,0
精品赤霞珠干红葡萄酒,0
酒代理利润,0
锐澳鸡尾酒代理,0
酒水代理利润,0
怎样代理酒水,0
台湾高粱酒招商,0
散白酒加盟代理多少钱,0
百年幸福酒业有限公司,0
低端白酒营销方案,0
广西酒类招商,0
四川酒圣酒,0
四川江口醇,0
贵州茅台富贵万年,0
杜康酒怎么样,38
赖茅酒53度价格,235
中国白酒招商网,73
啤酒品牌代理,0
拉菲庄园酒业,0
南京拉菲庄园酒业,0
黄尾袋鼠中国总代理,0
黄尾袋鼠代理商,0
自酿苹果酒的方法,0
泸州老窖玫瑰酒,0
怎样自制苹果酒,0
果酒分类,0
自制果酒的做法,0
低端酒水招商网,0
光瓶酒有哪些品牌,0
葡萄酒招商网,0
加盟散白酒,0
五粮液白酒代理,0
山西白酒招商,0
名酒新闻,0
清香型白酒代表,0
白酒营销策略,0
法国红酒代理,114
五粮液爱心公益酒,0
东北高粱酒,74
茅台镇散酒加盟,0
白酒销售方案,110
做白酒代理要多少钱,45
牛栏山二锅头代理,46
ak47酒,207
一壶葡萄酒,0
酒水招商网,164
白酒招商网,202
贵州赖茅酒价格表,104
法国红酒总代理,0
法国红酒品牌大全,0
普通红酒多少钱一瓶,0
黄尾袋鼠代理,0
酒加盟代理,0
低档白酒招商网,0
汾酒加盟,0
散白酒排行榜,0
清香型白酒特点,0
金六福代理,0
轩xo红酒,0
招商白酒,65
赖茅酒价格查询,83
53度赖茅酒价格表,0
雪花啤酒代理,109
自酿葡萄酒保质期,322
西凤酒加盟,84
皇台酒业官网,8
白酒招商加盟,123
白酒陈列协议,9
法国红酒品牌,187
法国葡萄酒品牌,186
东北白酒,126
川味啤酒鸭是哪个地方的菜,26
啤酒代理需要多少钱,0
法国红酒品牌加盟,0
黄尾袋鼠中国代理,0
自制苹果酒的做法,0
酒水经销商利润,0
光瓶酒招商,0
低端光瓶白酒招商网,0
散酒代理,0
散装白酒加盟,0
加盟散酒,0
名酒招商网中国好酒,0
白酒及价格,0
散白酒营销,0
白酒酿造时间,0
美星酒业,0
ak47鸡尾酒,389
全国白酒招商,45
奥登堡拉菲,8
泸州红高粱酒,0
四川江口醇酒业,0
白酒销售技巧,17
53度赖茅酒价格,181
中国酒水招商网,111
洋河大曲价格,135
香槟酒是什么酒,188
高档白酒有哪些,0
星河湾老酱香,8
酒招商网,0
陕西红酒代理,0
生龙米酒,0
一斤阿胶放多少黄酒,0
苹果的酿制方法,0
香槟价格,0
散酒招商,0
中国名酒招商网,0
白酒为何要参加展会,0
招商酒水,0
rio鸡尾酒代理,0
散酒销售,0
名酒招商网好酒网,0
求购做葡萄酒的葡萄,0
金六福酒代理商,0
金六福尊酒,0
白酒红酒招商网,0
法国红酒的品牌,0
各种酒代表什么意思,0
白酒全国招商,62
泸州老窖红高粱酒,35
紫塞明珠酒,8
青岛啤酒代理商,0
泸州老酒酒业,0
17度红酒有限公司,0
自制葡萄酒冰糖比例,0
自酿果酒的方法,0
如何酿制苹果酒,0
古道桑椹酒,0
红葡萄酒招商,0
沱牌酒招商,0
酒代理商怎么做,0
光瓶白酒招商,0
白酒代理如何推销,0
古关中八年,0
清香型白酒,196
白酒怎么打开市场,0
摩尔多瓦葡萄酒价格,0
力源保健酒,87
同仁堂虎骨酒,81
花雕酒哪个牌子好,26
贵州茅台赖茅酒价格,82
泸州红高粱,0
05年的拉菲,0
rio鸡尾酒产地,0
澳洲袋鼠红酒价格,0
保健酒总经销商,0
辽金雄风酒价格,0
进口葡萄酒代理商,0
二锅头散酒坊,0
散白酒开店,0
贵茅酒53度价格,0
东北散白酒红高粱,0
白酒酿造故事,0
名酒招商,68
花雕酒怎么喝,96
西凤酒代理,264
正宗北京二锅头,8
威龙葡萄酒价格,0
福建泸州红高粱酒,0
啤酒招商,0
赊店老酒代理,0
葡萄酒加冰糖,0
加饭酒怎么喝,0
茅台镇散酒价格,0
饭店散白酒,0
苹果酒代理,0
大连啤酒节2014,0
国贸红酒,0
高档酒水有哪些,0
赖茅酒怎么样,71
伏特加酒精度,0
天之蓝42度多少钱一瓶,418
酒水代理,219
江口醇酒,0
加饭酒产地,149
加饭酒的产地,229
2011青岛啤酒节,0
皇家花园红葡萄酒,80
曼扎城堡红葡萄酒,56
2013青岛啤酒节,0
尼雅葡萄酒代理,8
如何查询白酒价格,0
低档白酒代理,0
白酒代理好做吗,0
葡萄酒招商网站,0
东北白酒大泉源,0
酒神招商,0
意大利红酒排名,0
青岛啤酒产品大全,0
中国酒水价格表,0
上年度指的是哪一年,0
在哪里查酒的价格,0
茅台醇52度价格,260
安徽白酒品牌,17
我想代理白酒,67
杏花村酒代理,53
怎么查白酒价格,0
宁夏葡萄酒品牌,0
如何巧开红酒,0
无工具开红酒,0
拉菲正牌红酒价格,0
绍兴黄酒代理,0
玛丽果酒,0
古越龙山代理,0
女儿红黄酒代理,0
中国保健酒排名,0
精品赤霞珠干葡萄酒,0
代理酒水需要什么,0
散酒加盟连锁条件,0
散白酒销售,0
北京二锅头价格表,0
玫瑰人生红酒价格,0
伏特加调的鸡尾酒,0
国坛酒价格及图,0
销售酒的技巧,0
葡萄酒的酿制方法,2100
商务用酒,86
酒水销售技巧,44
青岛啤酒代理,46
国产红酒品牌,9
五粮液产地,152
古井贡集团,0
西凤酒1915,0
青岛啤酒节2013,0
千岛湖啤酒代理,0
东北红高粱散酒,0
散白酒连锁,0
西安白酒网,0
华将酒价格,0
苹果酒怎么做,0
怎样做苹果酒,0
青岛啤酒节介绍,0
进口红酒品牌价格,0
尼雅葡萄酒多少钱,0
每日喝多少白酒是健康,0
北京二锅头价格,8
全兴大曲价格,8
虎骨酒的原料,8
高端白酒营销,0
百花仙酒,8
牛栏山二锅头价格,71
张裕葡萄酒等级,0
白酒怎么销售,17
牛栏山二锅头酒价格,35
泸州老窖光瓶红高粱,0
灵璧钟馗酒,0
宁夏红代理,0
美国深蓝伏特加,0
进口红酒品牌有哪些,0
路易卡丹干红葡萄酒,0
6斤转袋鼠红酒价格,0
自制苹果酒,0
客家糯米酒的做法视频,0
哪些水果可以酿酒,0
白酒招商技巧,0
台湾白酒代理招商,0
锐澳鸡尾酒加盟,0
散酒市场,0
洋河老字号,0
中国新八大名酒,0
酱香型白酒排名,0
白酒上市方案,0
法国葡萄酒加盟,0
求购进口葡萄酒,0
安徽十大白酒品牌,0
法国红酒汇总网,0
白酒销售提成,0
张裕葡萄酒如何加盟,26
老人适合喝什么酒,0
啤酒精勾兑啤酒,0
惠泉啤酒代理,8
青稞酒代理,95
中国白酒企业排名,36
店小二酒价格,0
国外名酒品牌,0
茅台飞天真假对比鉴别,0
古井原浆献礼版价格,0
圣果葡萄酒,0
品牌酒四川,0
山西沱牌舍得酒业,0
为什么要喝雄黄酒,0
百老泉散酒加盟,0
杏花村散酒批发,0
北京二锅头散酒坊,0
求购散白酒,0
浓香型白酒有哪些,0
2014德国啤酒节,0
红酒信息网,0
酒的颜色,0
僵尸鸡尾酒,513
啤酒的工艺流程,0
牛栏山二锅头报价,35
山庄老酒价格,0
葡萄酒酒立方,0
波尔多酒商运作,0
拉菲红酒的价格,0
宁夏禹皇酒庄,0
柏翠酒业红酒,0
江苏秦淮酒业有限公司,0
半斤阿胶放多少黄酒,0
西瓜酒的做法,0
果酒有哪些品牌,0
张裕起泡酒怎么喝,0
半岛阳光酒,0
散白酒连锁加盟,0
散白酒加盟哪家好,0
茅台镇散酒批发,0
散白酒创业,0
荣和烧坊价格,0
白酒品牌大全,0
葡萄酒企业战略,0
李子白兰地,0
中国好酒代理网,46
白酒的价格查询,0
每天喝多少白酒,0
双沟青花瓷价格,0
西凤酒招商,142
鸡尾酒会醉吗,44
张裕葡萄酒加盟代理,57
北京红星二锅头图片,0
43度茅台酒价格查询,54
成都红酒市场,0
云南红集团,0
中国红酒招商网,0
红酒招商代理,0
中国好酒网,0
拉菲庄园2009,0
澳洲袋鼠红酒,0
小木桐干白,0
苹果酒的酿制方法,0
百香果酒制作,0
十年陈酿黄酒,0
好酒招商,0
炸弹二锅头加盟,0
牛栏山酒代理,0
酒水价格,0
湖南四大名酒,0
中国白酒品牌大全,0
国产白兰地招商,0
起泡酒市场,0
至尊红酒,0
中国高档白酒价格,0
散白酒招商,58
四川古蔺郎酒价格表,158
雪花啤酒代理商,8
哈尔滨白酒,47
古井贡酒年份原浆,160
白酒价格查询,114
四特酒有限责任公司,162
葡萄酒怎么开,142
高端白酒价格,17
散酒加盟,239
牛栏山二锅头代理商,90
拉菲红酒价格,1322
景阳春酒价格表,244
葡萄酒活动酒立方,0
泸州老窖红高粱酒价格,0
蛹虫草酒价格,0
四川红酒招商加盟,0
山寨拉菲红酒怎么做的,0
拉菲干红葡萄酒价格,0
上海酒玩家,0
柏翠红酒的产地,0
绍兴唐宋酒业有限公司,0
北宗黄酒价格,0
家庭自制果酒,0
客家米酒视频,0
深水炸弹鸡尾酒,772
绍兴圣塔,0
酒水招商人员岗位职责,0
散酒品牌,0
百老泉散酒代理加盟,0
桃红葡萄酒口感,0
金六福白酒加盟,0
起泡酒保存,0
什么牌子的红酒好,0
白干葡萄酒,0
做蓝之蓝代理怎么样,0
义酒坊,44
中国白酒价格大全,0
法国红酒品牌标志,0
甘肃皇台酒业,0
古井贡酒产地,90
海之蓝42度多少钱一瓶,530
西班牙红酒品牌,101
国公酒怎么样,0
北大仓酒价格,17
拉菲多少钱一瓶,137
进口红酒代理商排名,0
世界葡萄酒皇后,0
古井贡酒怎么样,0
拉菲中国总代理,0
开红酒小窍门,0
客家米酒的做法,0
桑果酒的功效,0
桑果酒的做法,0
苹果泡酒的功效,0
苹果能泡酒吗,0
醪糟口号,0
如何酿造红枣米酒,0
百老泉散装白酒加盟,0
百老泉酒业,0
酒加盟,0
中国四大名酒是什么,0
贵州白酒排名,0
酒吧啤酒品牌,0
四川白酒排名,0
白酒典故,0
xo酒怎么喝,0
青岛啤酒招商,0
皮诺霞多丽起泡酒,0
礼盒装红酒,0
零售白酒,0
中国有多少白酒企业,0
43度贵州茅台酒价格,0
低端白酒,44
新疆葡萄酒品牌,54
西凤酒价格表和图片,642
泸州老窖红高粱酒图片,0
普通拉菲多少钱一瓶,0
拉菲红酒价格表,0
拉菲神话红葡萄酒,0
赖茅酒53度酱香型,0
伏特加深水炸弹,0
拉菲庄园2008,0
四川仪陇金刚酒,0
果酒的优势是什么,0
澳洲袋鼠葡萄酒,0
柏翠红酒规格,0
锐欧鸡尾酒的度数,0
红酒煮乌梅,0
五粮液散白酒,0
散装白酒市场,0
北京方庄二锅头,0
贵州酒品牌,0
中国白酒价格表,0
酒行业新闻网,0
婚宴定制酒,0
白酒光瓶,0
2年白酒,0
vce葡萄酒,0
法国葡萄酒oem,0
aviva起泡酒,0
唐代葡萄酒,0
酒立方全国连锁,0
法国红酒有哪些,0
阿斯蒂甜白起泡葡萄酒,0
宁夏红枸杞酒价格,243
泸州原浆酒价格,27
天之蓝多少钱一瓶,996
法国进口红酒,177
宝丰酒业有限公司,141
葡萄酒新闻,88
百年牛栏山白酒,26
福建惠泉啤酒,0
燕京惠泉啤酒,0
牛栏山二锅头价格表,881
淘金葡萄酒,0
宝丰酒价格,26
尼雅葡萄酒广告,0
醍恩酒业集团,0
三十里红高粱酒,0
夜场啤酒,0
夜场啤酒代理,0
法国干红葡萄酒品牌,0
轩尼诗vsop经销商,0
法国吉洛葡萄酒,0
澳洲红酒排名,0
欧盟红酒新标准,0
奥德曼葡萄酒,0
经销黄尾袋鼠,0
拉菲珍酿波尔多,0
青岛玛丽酒业怎么样,0
如何酿果酒,0
人奶酒的做法,0
黄酒视频招商,0
阿胶配多少黄酒,0
怎么做桑葚酒,0
加盟保健酒,0
汾酒和米酒,0
沱牌酒代理,0
四川财神酒业有限公司,0
江小白酒代理,0
贵州散装白酒加盟代理,0
10斤装汾酒,0
白酒市场分析,0
意大利红酒等级图,0
青岛啤酒真假,0
金六福酒业,0
醍恩酒业官网,0
哪种白酒是酿造白酒,0
饮料啤酒利润,0
酒的品牌有哪些,0
贵8酒多少钱,0
中国白酒品牌排名,0
石家庄嘉禾啤酒,8
蓝花瓷酒价格,80
正牌拉菲红酒价格表,46
智利红酒品牌,79
景阳春酒价格,0
建发酒业有限公司,0
金六福酒业有限公司,93
山庄老酒价格表,200
双沟青花瓷,8
中国名酒价格表,35
婚庆用酒,172
南非葡萄酒,118
法国红酒品牌有哪些,236
泸州老窖养生酒,0
东北红高粱酒代理,0
千岛湖啤酒价格,0
进口红酒资质,0
天津红酒网,0
西凤酒国花瓷价格表,0
白酒价格一览表,0
宁夏红枸杞酒多少钱,0
怎么起红酒,0
法国灰雁伏特加,0
苹果酒酿造工艺,0
玛丽果酒官网,0
客家糯米酒的做法,0
东北散白酒,0
茅台镇散酒怎么样,0
北京二锅头酒,0
徽千秋白酒多少钱,0
泸州老窖品鉴,0
四川白酒企业,0
烧酒网张弓酒,0
西班牙红酒等级划分,0
水晶头伏特加,325
一瓶白酒等于多少啤酒,0
代理商需要交钱吗,0
双沟酒价格表,255
中国白酒价格,63
维森特酒业,8
啤酒厂家,83
冰锐多少钱一瓶,87
东北名酒,44
台湾白酒,53
纯粮散白酒,92
啤酒鸭火锅的做法,129
中国酒商网,96
宣酒集团,141
青岛啤酒节2012,0
伏特加属于什么酒,72
意大利红酒品牌,119
波尔多五大酒庄,17
燕京啤酒多少钱一箱,73
海特啤酒,0
白酒价格表和图片,0
道和酒业,0
北京酒水网,0
进口红酒代理,0
红酒怎么开启,0
怎么开红酒瓶盖,0
老酒收藏国强新浪,0
餐酒还需要醒酒吗,0
绍兴唐宋酒业,0
一斤黄酒多少钱,0
自制草莓酒,0
李子酿酒,0
藏喜得乐养生酒加盟,0
辽金雄风酒代理,0
百老泉散白酒加盟,0
贵州酒排名,0
酱香型白酒有哪些,0
江苏白酒品牌,0
店小二酒官网,0
安徽白酒排名,0
解酒红酒,0
一天喝多少酒有益,0
白酒喝多少算厉害,0
酒精强化葡萄酒,0
食用酒精在哪买,0
四川最出名的酒,0
泰山日出酒价格,27
冰锐百加得预调朗姆酒,0
贵州茅台镇国宝酒厂,0
古越龙山黄酒价格,118
蒙古王酒价格,150
新品上市方案,26
啤酒发酵工艺流程,8
多彩贵州酒,0
古代酿酒的原料,0
杜康52度酒价格表,127
白酒代理协议,9
赤霞珠干红,111
品牌白酒代理,67
川味啤酒鸭,83
鸡尾酒的做法,94
伏特加好喝吗,114
啤酒花是什么,275
黑土地酒价格,112
贵州茅台赖酒厂,0
慕尼黑啤酒节,220
红魔鬼葡萄酒,159
谷养康纯粮酒,89
国产黑啤酒,0
拉菲庄园2010,0
拉菲和拉菲庄园,0
陈年老酒收藏,0
宁波阿拉老酒官网,0
山西怡园酒庄有限公司,0
拉图拉甘,0
拉图古堡干红,0
柏翠庄园,0
武当红野生葡萄酒价格,0
大拉菲红酒价格,0
黄酒保质期,0
自制果酒,0
白酒的保质期,0
辽御雄风,0
秋天喝黄酒,0
最受欢迎的鸡尾酒,0
好酒网葡萄酒招商,0
散装白酒多少钱一斤,0
养生酒加盟,0
北京二锅头专卖店,0
百老泉散酒,0
汾酒晶质玉液,0
汾酒代理湖北,0
我国四大名酒,0
葡萄酒保质期,0
白酒酿造工艺流程图,0
卡斯特波尔多,0
白酒信息网,35
99年的拉菲,0
中国糖酒招商网,54
红高粱散酒招商,0
家豪威士忌,18
山庄老酒42度价格表,0
古汉养生酒,27
富贵江南酒价格,0
茅台成龙酒价格,0
纯粮散酒,0
黄酒名品加饭酒的产地,92
保健酒批发,0
牛栏山二锅头价格表,881
华东雷司令干白葡萄酒,0
castel红酒,0
清香型白酒,196
南山庄园葡萄酒,8
东北红高粱散酒,0
礼品酒,116
郑州红酒协会,0
西凤酒价格查询,73
散装酒,0
红星二锅头56度,17
百加得派对,8
黑龙江酒业,8
红酒代理商,92
啤酒代理,359
葡萄酒代理,209
葡萄酒代理商,65
白酒加盟,233
红酒招商加盟,92
白酒招商加盟,123
沈阳糖酒会,9
酒招商,81
好酒代理,36
白酒代理商,126
中国白酒招商网,73
杏花村酒代理,53
白酒代理加盟,454
代理葡萄酒,105
进口红酒招商代理,0
泸州老窖红高粱价格,0
啤酒招商加盟代理,0
中国最大酒水网,0
红酒招商代理,0
特制黄鹤楼酒,0
四川红酒招商加盟,0
进口红酒招商,0
武当红野生葡萄酒价格,0
安阳双头黄酒价格,0
唐宋酒业,0
低端酒水招商网,0
红葡萄酒招商,0
保健酒养生保健酒招商,0
好酒网葡萄酒招商,0
光瓶酒招商,0
葡萄酒招商加盟,0
炸弹二锅头加盟,0
炸弹二锅头代理,0
酒水代理怎么做,0
怎样代理酒水,0
鸡尾酒加盟,0
台湾白酒代理招商,0
白酒加盟代理,0
如何做酒代理,0
散白酒加盟哪家好,0
低档白酒招商网,0
白酒代理品牌加盟网,0
东北散白酒招商,0
山西白酒批发代理,0
山西白酒招商,0
山西白酒代理,0
山东白酒批发,0
名酒招商网好酒网,0
名酒招商网中国好酒,0
贵州糖酒会,0
品牌白酒加盟,0
葡萄酒酒标制作规定,0
白酒光瓶,0
现代白酒,0
店小二酒怎么样,0
贵港白酒市场,0
广西酒类招商,0
白酒红酒招商网,0
北京什么酒好,0
多少钱的酒是好酒,0
白酒全国招商,62
海之蓝价格表,1133
名酒招商,68
黑龙江白酒,17
洮南香酒价格,9
红酒总代理,77
陕西名酒网,36
安徽白酒网,26
保健酒加盟,79
葡萄酒加盟,203
白酒招商方案,17
吉林白酒,27
洋酒代理,36
酒水招商,107
白酒代理赚钱吗,0
酒水招商网,164
白酒招商网,202
趵突泉酒价格,0
白酒代理网,79
品牌白酒代理,67
代理白酒,63
红酒招商,149
泸州老窖高粱酒,0
啤酒代理加盟,0
啤酒代理商,516
各种啤酒代理招商,0
啤酒加盟,138
红酒加盟代理,0
进口红酒代理,0
四川泸州老酒酒业,0
山庄老酒价格表图片,0
法国拉图男爵,0
武当红葡萄酒,0
武当红葡萄酒价格,0
绍兴唐宋酒业,0
养生保健酒,0
人参养生酒多少钱,0
五粮液集团保健酒公司,0
东北酒招商,0
中国名酒招商网,0
葡萄酒招商网,0
葡萄酒招商网站,0
葡萄酒加盟网,0
啤酒招商网,0
光瓶白酒招商,0
酒类招商网站,0
酒代理加盟,0
酒加盟代理,0
葡萄酒代理加盟信息,0
江小白酒代理,0
绵竹大曲精品,0
散白酒哪家好,0
低端白酒营销方案,0
销售做葡萄酒的葡萄,0
白酒俱乐部,0
苹果酒代理,0
甜酒价格,0
四川白酒网,0
美酒招商网,0
轩xo红酒,0
杏花村啤酒价格,0
张裕冰葡萄酒价格,28
招商白酒,65
什么样的酒是好酒,0
多少钱的酒算高档酒,0
全国白酒招商,45
滇西1944白酒,8
东北高粱酒,74
青稞酒代理,95
葡萄酒总代理,45
五粮液保健酒,46
东引高粱酒,35
陕西酒,62
红酒代理,464
白酒销售渠道,35
白酒招商政策,17
保健酒招商,114
牛栏山二锅头代理,46
长城干红1994价格,36
古井贡酒价格,136
西安糖酒会,0
洋河青花瓷价格,63
拉菲1985,0
威士忌多少钱,170
四特酒价格,276
贵州省仁怀市茅台镇世家酒业有限公司,8
毛铺苦荞酒,353
啤酒批发,0
夜场啤酒代理,0
拉菲神话红葡萄酒,0
红酒招商网,0
西凤酒产地,0
红酒品牌加盟,0
路易十六酒多少钱,0
南京拉菲庄园2009,0
承德山庄老酒,0
宁夏鼎酒价格,0
黄尾袋鼠代理,0
拉图兰爵干红葡萄酒,0
武当红酒价格,0
双头黄酒多少钱,0
绍兴唐宋酒业有限公司,0
蓝莓青果酒的功效,0
杨梅酒的价格,0
君领天下酒价格,0
纯米酒价格,0
酒代理商怎么做,0
低端白酒招商2013,0
低端光瓶白酒招商网,0
二锅头招商,0
厦门酒招商,0
五粮液京酒,0
茅台镇散酒价格,0
亳州白酒招商代理,0
北京二锅头散酒坊,0
安徽白酒招商,0
广西酒网站,0
红酒代理网,0
扬州第二届青岛啤酒节,0
德国啤酒代理,0
红酒代理招商信息,0
北京有名的酒,0
2016什么酒最好卖,0
中国好酒代理网,46
四川最出名的酒,0
泸州老窖红高粱酒,35
冰锐百加得预调朗姆酒,0
山城啤酒,236
汉宫月桂花酒,8
糖酒会官网,17
打工皇帝酒,8
中国酒水招商网,111
糖酒招商网,120
名酒招商网,17
名酒代理,107
郎酒1912恒久珍爱价格,103
马爹利多少钱一瓶,35
红酒网络营销,0
福建泸州红高粱酒,0
泸州老窖红高粱,0
海特啤酒价格,0
金士百啤酒价格,0
比利时巅峰啤酒,0
85拉菲多少钱一瓶,0
代理红酒赚钱吗,0
深圳白酒,0
凤香经典v6,0
宁夏枸杞金酒,0
拉菲干红葡萄酒价格,0
杜康老酒招商,0
宁夏禹皇酒庄,0
黄尾袋鼠中国代理,0
法国木桐红酒价格表,0
封缸酒价格,0
大米原浆酒,0
保健酒招商网,0
福建保健酒,0
苏源洋河价格,0
米酒的价格,0
沸点白酒招商网,0
京酒价格表,0
烟酒代理,0
锐澳鸡尾酒加盟,0
酒神招商,0
山西白酒批发,0
山西玫瑰汾酒,0
云南酒业有限公司,0
四川白酒厂,0
白兰地酒价格,0
国产白兰地招商,0
起泡酒批发,0
皇家慕尼黑啤酒,0
德国啤酒原材料,0
武则天酒,44
啤酒定制,17
中低档白酒代理网,44
散白酒招商,58
法国拉菲红酒价格,17
燕京啤酒价格,316
贵州白酒网,27
低端白酒,44
百龄窖黄金酒,8
冬虫夏草酒图片,0
冬虫夏草酒多少钱,0
曼扎城堡红葡萄酒,56
罗斯伯格干红葡萄酒,17
贵州省仁怀市茅台镇国宝酒厂,26
贵州省仁怀市茅台镇台郎酒厂,44
中国招商代理网,0
红酒友情链接,0
泸州红高粱酒38度,0
泸州老窖红高粱酒价格,0
包河酒多少钱,0
法国波尔多酒庄协会,0
张弓酒业,0
泸州老酒酒业,0
杜康老酒,0
黄尾袋鼠中国总代理,0
唐宋绍兴花雕酒,0
浙江绍兴酒厂,0
绍兴女儿黄酒,0
北宗黄酒价格,0
玫瑰汾酒价格,0
玫瑰白酒价格,0
泸州老窖玫瑰酒,0
泰山五岳独尊酒,0
女儿红黄酒代理,0
辽金雄风酒代理,0
麻城老米酒价格,0
云南白酒,0
散酒招商,0
白酒招商技巧,0
普鲁士红酒,0
二锅头散酒坊,0
散装玫瑰酒,0
加盟散酒,0
老酒清仓方案,0
张裕苹果酒,0
白兰地酒多少钱一瓶,0
我要代理啤酒,0
红酒招商政策,0
四川什么酒,0
江苏酒业,54
酒精强化葡萄酒,0
合作最重要的是什么,0
泰山日出酒,26
北京二锅头价格,8
保健酒代理,71
汾酒代理,877
牛栏山二锅头图片,152
天下粮仓酒,103
营养酒,9
山庄老酒价格表,200
金种子酒价格,225
张裕白兰地图片,69
杜康国花酒价格,110
路易十六酒,37
泸州老窖头曲价格表,86
金泰山酒价格,17
天使之吻鸡尾酒,234
四特酒五星,0
古井典藏价格,0
乐堡啤酒是重庆啤酒,0
泸州老窖浓香源,0
老窖金牌经典版价格,0
85年拉菲,0
1999年拉菲,0
邵阳老酒价格,0
甜葡萄酒品牌,0
武当酒价格,0
古越龙山黄酒代理,0
好喝的奶酒,0
乌兰奶酒价格,0
代理什么黄酒好,0
保健酒有哪些,0
藏喜得乐养生酒加盟,0
台湾小米酒,0
黄金小米酒,0
五粮液福喜迎门,0
沱牌酒代理,0
将相和白酒价格,0
散白酒成本,0
哈尔滨散白酒批发,0
饭店散白酒,0
广东玉冰烧,0
深圳白酒品牌,0
百利甜酒包装,0
张裕xo白兰地价格,0
中国酒水价格表,0
新疆今年流行喝什么酒,0
白酒如何开拓市场,0
法国拉菲红酒报价,34
网上买酒哪里最便宜,0
泸州福酒价格,0
青岛啤酒多少钱一箱,104
泸州红高粱酒,0
蓝色经典图片,8
文王贡酒价格,0
老茅台酒价格表,131
牛栏山二锅头报价,35
古井贡酒图片,46
中华汾酒,53
中国白酒行业中排名,35
剑南春汉唐雄风,27
拉菲红酒图片,108
北冰红葡萄酒,44
燃情百加得,145
紫塞明珠酒,8
难得糊涂酒,136
冬虫夏草酒价格,35
醉三秋价格,0
rio鸡尾酒多少钱,265
五粮液一马当先,9
古井贡酒价格和图片,0
合肥包河酒价格,0
花河啤酒,0
招商代理网,0
泸州老窖6a,0
波尔多葡萄酒协会,0
拉菲葡萄酒图片,0
广州红酒批发市场,0
进口红酒批发网,0
红酒快讯网百度百科,0
云南玛卡酒代理,0
红酒经销商,0
2011拉菲红酒价格,0
玉田老酒价格,0
黄尾袋鼠代理商,0
木桐红酒2007年,0
孝感米酒价格,0
马奶酒好喝吗,0
马奶酒品牌,0
加盟保健酒,0
东北小米酒,0
京酒38度价格,0
台湾高粱酒招商,0
河南白酒批发,0
姚明红酒价格,0
汾酒晶质玉液,0
济南红高粱酒业公司,0
五粮液白酒图片,0
河南红酒代理商,0
难得糊涂酒价格,0
上海的酒,0
西凤酒图片,35
四川古蔺郎酒价格表,158
洋酒价格表,206
保健酒营销,0
高端白酒营销,0
贵州仁怀茅台镇酒厂,53
杜康经典双喜临门,0
2012年春季糖酒会,0
古越龙山价格,102
上海红酒网,104
马爹利价格,65
五粮液财源滚滚,26
江西特产酒,0
三十里红高粱酒,0
广东泸州红高粱酒,0
52度泸州红高粱酒,0
千岛湖啤酒价格,0
陈年老窖红珍品多少钱,0
拉菲神话价格,0
河南招商网,0
茅台酒价格表和图片,0
枣庄黄金宝贝,0
宁夏红枸杞酒多少钱,0
拉菲2004,0
路易拉菲干红葡萄酒,0
泸州老酒酒业有限公司,0
云南白马酒庄,0
小木桐干白,0
马奶酒价格,0
马奶酒和奶酒的区别,0
绍兴加饭酒价格,0
绍兴古越龙山加饭酒,0
酱香酒招商,0
京酒52度价格,0
鸡尾酒代理,0
怎么代理红酒,0
酱香型白酒招商,0
姚明葡萄酒价格,0
散装白酒监管,0
东北散白酒红高粱,0
华将酒价格,0
店小二酒价格带图片,0
白酒水源地,0
千岛湖啤酒节,0
金六福至尊酒多少钱,0
茅台喜宴酒,8
和酒价格表,0
世界年份最久的酒,0
古越龙山花雕酒价格,196
汝阳杜康酒价格,0
泸州醇价格表,8
花雕酒价格,26
陕西白酒,18
山东白酒,124
神力源酒,8
做白酒代理要多少钱,45
黄金酒多少钱一瓶,143
如何做白酒代理,114
牛栏山二锅头价格,71
自制葡萄酒保质期,88
山庄老酒价格,0
马爹利xo价格,127
红星二锅头青花瓷,9
法国吉洛酒庄,0
白酒价格表和图片,0
古井贡酒多少钱一瓶,0
泸州老窖光瓶酒,0
泸州老窖光瓶红高粱,0
青岛啤酒招代理商,0
拉菲神话多少钱,0
红酒代理商好做吗,0
山庄老酒42度,0
即墨第二黄酒,0
拉图副牌2006,0
木桐酒庄代理,0
京州加盟,0
果酒有哪些品牌,0
山西杏花村酒价格表,0
长乐烧酒价格,0
贵州遵义习酒,0
茅台葡萄酒价格表,0
广西白酒红酒比例,0
梦洛酒庄的酒,0
王朝白兰地,0
蛇酒价格,0
德国慕尼黑皇家啤酒,0
慕尼黑啤酒代理,0
深圳白酒经销商,0
酣客酒,112
国坛酒价格及图,0
成都白酒加盟,45
葡萄酒葡萄酒,0
泰山日出酒价格,27
稻花香酒价格表,420
宁夏红枸杞酒价格,243
燕京啤酒批发,28
景阳春酒价格,0
一生一世酒,0
拉菲红酒代理,35
漓泉啤酒,239
蓝色经典价格,35
万事如意酒,53
龙行天下酒,46
白酒销售招聘,111
多彩贵州酒,0
虎头蜂酒的功效,119
中国白酒网,171
贵州茅台价格,151
法国白兰地价格,44
纯粮散白酒,92
五粮液酒最新价格表,9
汉斯小木屋,418
如何代理红酒,8
绿林好汉酒,0
冬虫夏草系列酒,0
江口醇价格,0
全国糖酒会,187
拉菲红酒价格,1322
五粮液百年老店价格,82
香槟酒价格,17
二锅头价格,87
泸州老窖红高粱52度,0
东北红高粱酒临沂代理,0
普通古井贡酒,0
千岛湖啤酒代理,0
雪花黑啤价格,0
大富豪啤酒价格,0
拉菲红酒价格表,0
轩尼诗vsop经销商,0
夏天喝葡萄酒,0
拉菲葡萄酒价格,0
拉菲正牌红酒价格,0
赊店老酒价格表,0
圣女贞德红酒,0
艾斯卡特报价,0
白马酒庄干红葡萄酒,0
木桐红酒价格,0
黄酒的价格,0
黄酒乌梅,0
黄酒鸡蛋的功效,0
北京红曲酒,0
湖南大米酒,0
酒代理合同,0
进口啤酒代理商,0
红高粱散酒,0
加盟散白酒,0
白玉汾酒,0
鸡尾酒批发,0
白酒行业排名,0
白酒报价网,0
白酒品鉴会策划方案,0
白酒品鉴会流程,0
白酒工地品鉴活动,0
广东名酒,0
河源白酒市场,0
广东红酒销售,0
martell价格,0
罗菲尔干红葡萄酒,0
青岛啤酒招商,0
起泡酒多少钱,0
四川白酒协会,0
四川白酒六朵金花,0
宁夏招商网,0
中国有多少白酒企业,0
够男人酒价格,0
客户来公司参观,0
上海和酒是什么酒,0
存酒存什么酒好,0
国窖1573最新价格,0
泸州原浆酒价格,27
52茅台酒价格表,0
如意郎酒价格,102
merlot红酒,36
摩尔多瓦葡萄酒,189
岳阳龟蛇酒,0
酒鬼酒价格表,353
牛栏山陈酿,124
强恕堂,67
店小二酒价格,0
泸州老窖价格,196
汉刘邦酒,9
我想代理白酒,67
西凤酒1915,0
稻花香酒价格,44
卡特尔红酒,17
贵州茅台镇酒价格,116
燕京啤酒多少钱一箱,73
宁夏红枸杞酒,131
干红葡萄酒价格,146
白酒怎么销售,17
青岛啤酒节是什么时候,301
白酒价格网,36
五粮液福禄寿喜,0
黄酒名品加饭酒,0
谷养康纯粮酒,89
白酒营销策划,0
红酒加盟的骗局,0
四川红高粱酒,0
韩国海特啤酒,0
科罗娜啤酒图片,0
捷克黑山啤酒,0
泸州福38度价格,0
老窖金牌价格,0
杜康杜康酒价格表,0
法国骑士红酒,0
杜康酒价格表和图片,0
陕西红酒代理,0
承德老酒价格表,0
路易卡丹干红葡萄酒,0
赵薇的酒庄多少钱,0
黄尾袋鼠多少钱,0
五粮液酒价格表图片,0
merlot红酒价格,0
大拉菲红酒价格,0
同里红黄酒价格,0
珍珠果米酒,0
岭南米酒价格,0
38度扳倒井酒价格表,0
古越龙山原浆黄酒,0
十年陈酿黄酒,0
客家黄酒煮鸡蛋,0
黄酒视频招商,0
一般酒代理要多少钱,0
厦门进口红酒招商,0
锐澳鸡尾酒代理,0
东营酒水代理商,0
东北散白酒,0
北京二锅头价格表,0
散白酒排行榜,0
酱香型白酒排名,0
中国安徽白酒批发市场,0
白酒免费品尝,0
各品牌白酒辣味点评,0
青岛樱桃白兰地,0
安徽白酒批发,0
红酒促销,53
五粮液1618价格,282
贵宾郎酒价格,17
泸州老窖头曲价格,73
山西杏花村汾酒价格,45
张裕白兰地价格,54
泸州特酿价格,17
正牌拉菲红酒价格表,46
枝江酒价格,36
红星二锅头价格表,270
西凤华山论剑,76
风花雪月啤酒,249
白酒代理协议,9
郎酒价格表,510
白酒价格表,170
冬虫夏草酒,143
贵州茅台京玉酒价格,27
青花瓷酒,166
德国贵族冰甜白葡萄酒,8
郎酒价格查询,35
泸州老窖光瓶酒,0
中国红酒招商网,0
39度西凤酒,0
山庄老酒42度价格表,0
53度茅台酒价格表,231
轩尼诗xo,716
金品酒业,0
82年拉菲红酒价格,135
泸州老窖一品坊价格,57
路德维希国王啤酒,8
虎骨酒价格,120
cabernetsauvignon,26
古井原浆16年价格,0
俄罗斯虎骨酒,75
丰谷酒价格表,238
老董酒,0
绍兴师爷黄酒官网,0
亳州白酒招商代理,0
贵州茅台酒15年价格,37
湖北白酒网,0
板城烧锅酒价格,36
金六福白酒,0
北京市场上的散装白酒,0
泸州老窖特曲老酒,0
力源保健酒,87
崆峒黄酒,0
做白酒代理要多少钱,45
中国白酒招商网,73
白酒招商网站,0
古井天香酒价格表,0
啤酒招商加盟代理,0
啤酒招商,0
啤酒招商加盟,0
拉菲传奇多少钱一瓶,0
二锅头散酒,0
二锅头散酒坊,0
万盛和酒,0
山西白酒招商,0
52度8年杏花村福酒,0
古关中八年,0
品牌白酒加盟,0
富豪白兰地,0
红酒代理网,0
白酒红酒招商网,0
白酒招商加盟,123
白酒代理商,126
白酒招商网,202
各种啤酒代理招商,0
灵璧钟馗酒,0
甘肃平凉黄酒,0
中国酒招商网,0
红葡萄酒招商,0
白酒加盟代理,0
低档白酒招商网,0
全国白酒招商,45
金六福酒价格表,508
茅台飞天接待酒,46
古井典藏,0
古井天香价格,0
啤酒代理商,516
啤酒加盟,138
82拉菲多少钱一瓶,0
宁夏鼎酒价格,0
代理什么黄酒好,0
加盟保健酒,0
保健酒养生保健酒招商,0
葡萄酒招商网站,0
北京二锅头散酒价格,0
北京二锅头散酒,0
名酒招商网中国好酒,0
代理白酒利润有多大,35
保健酒招商,114
中低档白酒,88
茅台保健酒,91
进口红酒代理商排名,0
古井典藏价格,0
红酒加盟代理,0
北京二锅头散酒坊,0
四川古蔺郎酒价格表,158
老白汾酒十年陈酿价格,170
白酒招商政策,17
沱牌酒价格表,332
中国白酒招商代理网,0
衡水老白干72度,37
古井贡酒介绍,0
啤酒代理加盟,0
酒招商网,0
成都红酒招商,0
佳丽城堡,0
半岛阳光果酒,0
招商酒水,0
绵竹大曲珍品,0
汾酒代理商,0
金六福酒代理商,0
尊荣极品威士忌,17
中国好酒代理网,46
葡萄酒总代理,45
牛栏山二锅头代理商,90
中国酒水招商网,111
法国富豪白兰地,17
茅台白头到老,0
安徽八年原浆,0
82年拉菲多少钱一瓶,0
半岛阳光酒,0
泸州老窖u窖红钻,0
52度五粮液价格,205
古井贡酒年份原浆价格,747
新天尼雅干红葡萄酒,8
葡萄酒代理商,65
黄金酒多少钱一瓶,143
安徽白酒品牌,17
紫塞明珠酒,8
金泰山酒价格,17
红酒友情链接,0
黑啤酒代理,0
即墨老酒怎么喝,0
天龙米酒,0
保健酒总经销商,0
酒代理利润,0
百乐泉酒业有限公司,0
卡蒙斯,0
金六福尊,0
玫瑰人生红酒价格,0
老村长酒价格,422
滇西1944白酒,8
52度泸州老窖价格表,65
泸州老窖52度价格,442
茅台陈年老酒,0
杜康老酒招商,0
玛歌圣玛丽庄园,0
绍兴黄酒代理,0
马奶酒保质期,0
保健酒批发,0
曼达岬葡萄酒,0
保健酒招商网,0
台湾小米酒,0
厦门酒招商,0
酒水代理利润,0
百年幸福酒业有限公司,0
上海百利甜酒价格,0
杏花村乐福酒,45
中国地炮酒价格,0
诗仙太白盛世唐朝,8
82年的拉菲多少钱,99
蓝色贵宾价格,0
茅台王子酒多少钱,37
重庆婚宴用酒,0
贵州茅台集团保健酒,0
萍乡郎酒,0
德国原浆黑啤酒价格,0
古井酒价格,0
古井贡酒十年陈酿价格,0
红酒招商代理,0
蛹虫草酒价格,0
人参养生酒多少钱,0
乌梅泡酒,0
精品赤霞珠干葡萄酒,0
光瓶酒有哪些品牌,0
低档白酒代理,0
光瓶酒品牌,0
天之蓝52度多少钱一瓶,549
十八酒坊蓝钻价格,8
国窖1573多少钱一瓶,391
精装汉帝茅台酒,68
杜康酒产地,295
红楼梦圆梦酒,0
金六福酒价格查询,0
金六福白酒加盟,0
哈尔滨啤酒有限公司,63
燕京啤酒多少钱一箱,73
金六福酒价格,17
啤酒品牌代理,0
红酒代理商好做吗,0
玛歌圣玛丽庄园价格,0
苏源洋河价格,0
精品赤霞珠干红葡萄酒,0
东北小米酒,0
葡萄酒加盟网,0
林海雪原白酒,0
牛栏山二锅头产地,0
飞天不老酒,128
海之蓝价格,176
泰山特曲价格,0
十足全蝎,44
东引高粱酒,35
双沟珍宝坊价格,452
稻花香酒价格,44
泸州老窖价格表,1090
重庆喜酒,0
蛹虫草酒,0
山庄皇家窖藏,0
盛唐葡萄酒,0
白马尊尼价格,0
孝感米酒加盟,0
蒙古奶酒价格,0
葡萄酒招商网,0
酒水代理怎么做,0
将相和白酒价格,0
山西白酒批发代理,0
泸州古酒价格表,0
泸州老窖古酒,0
金六福白酒价格,0
稻花香酒价格表,420
玫瑰人生红酒,100
稻花香珍品一号,84
如意郎酒价格,102
红酒总代理,77
天之蓝42度多少钱一瓶,418
天津婚宴用酒,0
白水杜康酒价格表,17
杜康经典双喜临门,0
剑南春52度价格,1010
泸州老窖52度价格表,69
贵州省仁怀市茅台镇汉室酒业有限公司,10
十八酒坊蓝钻,152
星河湾老酱香,8
进口红酒招商代理,0
古井贡酒5年份原浆,0
山庄老酒42度,0
玛歌圣玛丽庄园红酒,0
内蒙古马奶酒价格表,0
玫瑰白酒价格,0
鸡尾酒代理,0
60度白酒泡酒好吗,0
沱牌酒价格,0
汾酒代理,877
泸州老窖38度价格表,165
双沟珍宝坊君坊价格,119
加饭酒的产地,229
白酒加盟,233
保健酒加盟,79
杜康酒价格,74
52度剑南春价格,53
酒代理,149
冠群芳酒价格,0
贵州赖茅酒价格表,104
82年拉菲多少钱,1241
古井原浆价格,0
泸州老窖光瓶红高粱,0
拉菲神话多少钱,0
洛阳杜康酒价格表,0
四川泸州老酒酒业,0
贵州保健酒,0
怎么代理红酒,0
广东葡萄酒,0
安徽白酒招商,0
罗菲尔干红葡萄酒,0
小沈阳酒,0
成都婚宴用酒,0
海之蓝42度多少钱一瓶,530
洋酒代理,36
拉菲多少钱一瓶,137
52度杏花村酒价格表,0
东北红高粱酒临沂代理,0
古井王子酒的价格,0
四川红酒招商加盟,0
拉菲古堡干红葡萄酒,0
07小拉菲,0
山庄老酒价格表图片,0
拉图副牌2004,0
玛歌圣玛丽庄园多少钱,0
北宗黄酒价格,0
沱牌酒招商,0
干邑和白兰地的区别,0
金六福白酒价格表,0
上海葡萄酒代理商,0
古井贡酒年份原浆,160
黄金酒怎么样,8
五粮春酒价格表,510
古井贡酒产地,90
古井贡酒价格,136
海之蓝52度多少钱一瓶,548
50度古井贡酒价格表,0
古井贡酒年份原浆酒,0
古井贡酒十年陈酿,0
古井年份原浆,0
京酒价格表,0
沱牌酒代理,0
葡萄酒代理加盟信息,0
名酒招商网好酒网,0
中国古代名酒,0
茅台冬虫夏草酒价格,0
王朝白兰地,0
贵族的专属红酒,0
德国慕尼黑皇家啤酒,0
红酒代理品牌,0
38度泸州老窖价格表,45
老村长酒代理,70
飞天接待酒,26
小糊涂神酒价格,140
红星二锅头价格表,270
酒水代理,219
大红龙,146
白酒信息网,35
白酒招商方案,17
如何代理红酒,8
哈尔滨啤酒,1036
红星二锅头图片,73
白头到老酒,0
五粮液金榜题名价格,48
加斯科,26
泸州老窖6a,0
中国饮料招商网,0
外国红酒红,0
醍恩红酒价格,0
拉菲副牌2005,0
乌兰奶酒价格,0
白酒代理品牌加盟网,0
广西知名白酒,0
进口红酒总代理,0
金六福白酒价格查询,0
皇家慕尼黑啤酒,0
五粮液系列酒价格表,137
枝江大曲价格表,45
枝江大曲价格,36
剑南春价格,217
张裕葡萄酒价格表,224
鲜啤酒就是通常所说的,0
泸州老窖价格,196
张裕馆藏干红葡萄酒,289
仰韶彩陶坊价格,162
西凤酒1915,0
洋河青花瓷价格,63
四川泸州老窖价格表,66
五粮液百年尖庄价格,0
刘伶醉酒价格,8
中国佳酒招商网,0
38度古井贡酒价格表,0
千岛湖啤酒价格,0
拉菲红酒多少钱一瓶,0
赊店老酒代理,0
宁波阿拉老酒官网,0
泸州老酒酒业有限公司,0
拉图嘉利酒庄,0
餐馆酒水招商,0
牛栏山二锅头防伪,0
洋河原浆酒价格,0
茅台酒价格表2014,0
福建名酒,0
红酒加盟网,0
徽千秋白酒多少钱,0
广东玉冰烧,0
店小二酒怎么样,0
苹果酒代理,0
金六福42度,0
金六福至尊酒多少钱,0
金六福多少钱,0
酒业招商语,0
做蓝之蓝代理怎么样,0
红花郎酒价格查询,17
董酒价格表,110
泸州原浆酒价格,27
泸州特酿价格,17
文王贡酒价格,0
红酒招商加盟,92
茅台冬虫夏草酒,53
古井贡酒价格表,530
长城干红1994价格,36
洋河蓝色贵宾价格,116
贵州茅台京玉酒价格,27
泸州老窖2012价格表,54
白兰地是否就是葡萄酒,27
白酒代理加盟,454
刘伶醉酒价格表,343
广东泸州红高粱酒,0
1995古井贡酒,0
路易十三报价,0
中国黄酒交易网,0
内蒙古马奶酒价格,0
黄金小米酒,0
老村长酒官网,0
如何代理白酒,0
摩尔多瓦葡萄酒价格,0
慕尼黑啤酒代理,0
新天尼雅葡萄酒,8
中低档白酒代理网,44
法国白兰地xo价格,45
蓝色经典海之蓝价格,36
进口红酒代理商,55
百年好合酒,8
衡水老白干39度,18
张弓酒价格,8
梅鹿辄干红葡萄酒,8
二锅头兑红牛,114
红酒拉菲多少钱一瓶,0
普通拉菲多少钱一瓶,0
拉菲红酒的价格,0
澳洲奔富389多少钱,0
进口红酒招商,0
邵阳老酒价格,0
安徽黄酒招商,0
五粮液京酒,0
金六福38度酒价格,0
2007年红酒价格,0
高炉家酒价格表,17
海之蓝价格表,1133
天之蓝价格表,378
天之蓝多少钱一瓶,996
张裕白兰地价格,54
38度茅台酒价格表,47
商务用酒,86
郎牌特曲t3价格,110
董酒价格,126
泸州酒价格表,0
乌苏啤酒,437
杜康酒价格表,675
红太阳酒价格,0
金门高粱酒52度价格,17
剑南春38度价格,45
伏特加度数,142
中国酒业协会,111
42度古井贡酒价格表,0
古井贡酒红运价格表,0
泸州老窖酒价格查询,0
泸州老窖浓香源,0
泸州老窖52度浓香型,0
泸州陈年红高粱,0
四川金六福白酒代理,0
法国红酒logo,0
剑南春52度价格表,0
诗仙太白新花瓷,54
茅台成龙酒价格,0
泸州老窖红高粱酒,35
泸州老酒坊价格表,132
开口笑酒价格,190
稻花香珍品二号,8
五路神,246
白酒代理赚钱吗,0
西凤酒1952价格,0
梦之蓝多少钱一瓶,948
蓝带冰迪啤酒,8
五粮液一马当先,9
黄酒名品加饭酒,0
黑啤酒价格,0
包河酒多少钱,0
啤酒批发网,0
拉菲传奇价格,0
小拉菲红酒价格,0
泸州老窖系列酒价格,0
路易卡丹干红葡萄酒,0
拉图副牌2006,0
井冈山红米酒价格,0
马奶酒多少钱,0
庆阳黄酒价格,0
京酒52度价格,0
百老泉酒价格,0
京都白酒,0
文姜牌白酒,0
一饮相思酒价格,0
烟台产干红葡萄洒,0
rio锐澳鸡尾酒,0
水井坊臻酿八号,0
安徽白酒排名,0
95拉菲价格,0
16年的全星酒价格,0
枝江大曲,172
百年张裕干红葡萄酒,27
动力火车苏打酒,36
中低档白酒代理,69
冬虫夏草系列酒,0
杜康国花酒价格,110
山西汾酒价格,125
茅台王子酒价格,342
品牌白酒代理,67
台湾金门高粱酒价格,143
泸州老窖酒价格表,435
尼雅干红葡萄酒价格,77
新年祝酒词大全,0
中国葡萄酒旅游网,0
泸州红高粱酒好喝吗,0
北京酒水网,0
洋河蓝色经典怎么样,0
风车磨坊葡萄酒,0
玉田老酒价格,0
封缸酒价格,0
低端光瓶白酒招商网,0
怎样代理酒水,0
山西玫瑰汾酒,0
广东石湾酒,0
重庆名酒,0
山东名酒白酒排行榜,0
代理白酒怎样打开市场,0
国产白兰地招商,0
水井坊贵宾品鉴,0
红酒招商政策,0
2012泸州老窖价格表,17
茅台王子酒价格查询,44
洋河大曲蓝瓷价格,63
贵州茅台富贵万年,0
衡水老白干价格表,500
牛栏山二锅头报价,35
贵宾郎酒价格查询,8
26年古井原浆价格,0
拉菲红酒价格表,0
红酒代理加盟,0
百年酒窖,0
红酒品牌代理,0
小拉菲价格,0
泸州老窖老酒价格,0
承德老酒价格表,0
2008红葡萄酒,0
黑骑士红酒,0
玫瑰汾酒价格,0
绍兴名酒厂家,0
广东米酒,0
舟山酒水网,0
五星金六福52度,0
感觉白酒不好喝,0
张裕红葡萄酒价格,27
安徽古井贡酒价格表,83
泸州老窖二曲价格表,71
富裕老窖价格,0
杜康国花酒价格表,17
法国白兰地xo,74
神之水滴酒业,0
大埔三河坝,17
牛栏山二锅头酒价格,35
呼伦贝尔白酒,0
品牌酒四川,0
拉菲庄园2008,0
法国玛歌圣玛丽庄园,0
张裕起泡酒多少钱,0
世界名酒图片,0
低端酒水招商网,0
杏花村三十年陈酿,0
全国白酒企业数量,0
酒贵州网,0
老贵州酒,0
老贵州酒价格,0
华将酒价格,0
延安白酒经销商,0
河南红酒代理商,0
华东雷司令干白葡萄酒,0
雷蒙起泡酒,0
红花郎酒价格表,27
汝阳杜康酒价格,0
稻花香珍品一号价格,206
锦上添花酒价格,114
泸州窖酒价格表,26
五粮醇价格,117
建国六十周年庆典,0
龙舌兰酒价格,135
红星二锅头价格,37
皇家花园红葡萄酒,80
五粮液金榜题名,99
华东葡萄酒庄园,0
四特酒五星,0
泸州老窖红高粱酒图片,0
四川红高粱酒,0
古井贡酒白酒价格,0
安徽古井酒价格表,0
30年古井贡酒价格,0
赤霞珠红葡萄酒价格,0
伯爵拉图干红葡萄酒,0
大拉菲红酒价格,0
口子窖白酒价格,0
卡慕经典vsop,9
宣酒特贡五年价格,9
石家庄崂山啤酒,0
梦之蓝m6价格,347
红花郎酒价格,461
威海卫啤酒,53
女儿红白酒价格,27
五粮液酒王酒,87
五粮液52度价格,1053
52度五粮液酒价格表,465
52度五粮液价格表,54
轩尼诗xo价格,146
牛栏山二锅头价格,71
古井原浆,476
拉菲珍藏波尔多红,0
桑葚酒的价格,0
代理白酒需要多少钱,0
啤酒啤酒如何销售啤酒,0
古越龙山30年价格,17
百年牛栏山价格,9
解百纳干红葡萄酒价格,35
五粮液酒最新价格表,9
牛栏山二锅头代理,46
山庄老酒价格表,200
郎酒1912价格,124
苏酒价格,9
宋河粮液价格表,271
雷司令干白葡萄酒,121
五粮液百年尖庄,54
中国招商代理网,0
醍恩精品红酒,0
泸州老窖红高粱酒价格,0
古井8年原浆价格,0
四海啤酒,0
泸州老窖窖龄酒,0
黑贵宾价格,0
拉菲葡萄酒价格,0
玛歌2007多少钱,0
十字城堡干红葡萄酒,0
孝感米酒价格,0
五粮春50度价格,0
锐澳鸡尾酒加盟,0
卡斯特波尔多,0
红与红价格,0
泰山日出酒价格,27
海之蓝多少钱一瓶,428
枝江王价格,26
双沟大曲价格,35
西凤酒1956,35
冰锐百加得预调朗姆酒,0
国窖157352度,26
五粮液保健酒,46
爱上葡萄酒,9
牛栏山二锅头价格表,881
冬虫夏草酒价格表,101
迎驾贡酒价格表,290
山庄老酒价格,0
成龙茅台酒,84
五粮醇酒价格表,314
二锅头青花瓷,36
